engine_variant,engine,variant,manufacturer,region,engine_family,aspiration,displacement,displacement_l,power_hp,torque_nm,bore_mm,stroke_mm,compression_ratio,redline_rpm,hp_per_litre,configuration,valvetrain,fuel_system,block_material,head_material,production,confidence
BMW M62B44,BMW M62B44,base,BMW,European,M,Naturally Aspirated,4398.0,4.4,286.0,440.0,92.0,82.7,10.0,,65.0,V8,,,Aluminum,Aluminum,,verified_manual
Volkswagen VR6,Volkswagen VR6,base,Volkswagen,European,VR,Naturally Aspirated,2792.0,2.8,200.0,280.0,81.0,90.3,10.5,,71.6,VR6,,,Aluminum,Aluminum,,verified_manual
Kia Theta II,Kia Theta II,base,Kia,JDM,THETA,Naturally Aspirated,1998.0,2.0,255.0,353.0,86.0,86.0,9.5,,127.6,Straight-4,,,Aluminum,Aluminum,,verified_manual
Porsche M96 3.6,Porsche M96 3.6,base,Porsche,European,M,Naturally Aspirated,3596.0,3.6,316.0,370.0,96.0,82.8,11.3,,87.9,Flat-6,,,Aluminum,Aluminum,,verified_manual
Audi 2.5 TFSI,Audi 2.5 TFSI,base,Audi,European,2.5,Turbocharged,2480.0,2.5,394.0,480.0,82.5,92.8,10.0,,158.9,Straight-5,,,Aluminum,Aluminum,,verified_manual
Lamborghini V12 6.5,Lamborghini V12 6.5,base,Lamborghini,European,V,Naturally Aspirated,6498.0,6.5,700.0,690.0,95.0,88.6,12.5,,107.7,V12,,,Aluminum,Aluminum,,verified_manual
Ferrari F136 4.5,Ferrari F136 4.5,base,Ferrari,European,F,Naturally Aspirated,4499.0,4.5,562.0,540.0,92.0,84.4,12.5,,124.9,V8,,,Aluminum,Aluminum,,verified_manual
Nissan VQ35DE,Nissan VQ35DE,base,Nissan,JDM,VQ,Naturally Aspirated,3498.0,3.5,306.0,363.0,95.5,81.4,10.3,,87.5,V6,,,Aluminum,Aluminum,,verified_manual
Honda F20C,Honda F20C,base,Honda,JDM,F,Naturally Aspirated,1997.0,2.0,240.0,208.0,87.0,83.6,11.7,,120.2,Straight-4,,,Aluminum,Aluminum,,verified_manual
Subaru FA20,Subaru FA20,base,Subaru,JDM,FA,Naturally Aspirated,1998.0,2.0,197.0,205.0,86.0,86.0,12.5,,98.6,Flat-4,,,Aluminum,Aluminum,,verified_manual
Toyota 1UR-FE,Toyota 1UR-FE,base,Toyota,JDM,1UR-FE,Naturally Aspirated,4969.0,5.0,381.0,530.0,94.0,83.0,10.9,,76.7,V8,,,Aluminum,Aluminum,,verified_manual
Nissan VQ37VHR,Nissan VQ37VHR,base,Nissan,JDM,VQ,Naturally Aspirated,3696.0,3.7,332.0,363.0,95.5,86.4,11.0,,89.8,V6,,,Aluminum,Aluminum,,verified_manual
Nissan VR38DETT,Nissan VR38DETT,base,Nissan,JDM,VR,Turbocharged,3799.0,3.8,480.0,588.0,95.5,88.4,9.0,,126.3,V6,,,Aluminum,Aluminum,,verified_manual
BMW B58B30,BMW B58B30,base,BMW,European,B,Naturally Aspirated,2998.0,3.0,335.0,500.0,82.0,94.6,11.0,,111.7,Straight-6,,,Aluminum,Aluminum,,verified_manual
BMW S58B30,BMW S58B30,base,BMW,European,S,Naturally Aspirated,2993.0,3.0,503.0,600.0,84.0,89.6,9.3,,168.1,Straight-6,,,Aluminum,Aluminum,,verified_manual
Mercedes M177,Mercedes M177,base,Mercedes,European,M,Naturally Aspirated,3982.0,4.0,503.0,700.0,83.0,92.4,8.6,,126.3,V8,,,Aluminum,Aluminum,,verified_manual
Mercedes M159,Mercedes M159,base,Mercedes,European,M,Naturally Aspirated,6208.0,6.2,571.0,650.0,102.2,94.6,11.3,,92.0,V8,,,Aluminum,Aluminum,,verified_manual
Mercedes OM642,Mercedes OM642,base,Mercedes,European,OM,Naturally Aspirated,2987.0,3.0,224.0,540.0,83.0,92.0,17.7,,75.0,V6,,,Aluminum,Aluminum,,verified_manual
McLaren M840T,McLaren M840T,base,McLaren,European,M,Turbocharged,3994.0,4.0,710.0,770.0,86.1,85.8,8.7,,177.8,V8,,,Aluminum,Aluminum,,verified_manual
Mitsubishi 4G63T,Mitsubishi 4G63T,base,Mitsubishi,JDM,4G63T,Turbocharged,1997.0,2.0,276.0,422.0,85.0,88.0,8.5,,138.2,Straight-4,,,Cast iron,Aluminum,,verified_manual
Subaru EJ257,Subaru EJ257,base,Subaru,JDM,EJ,Turbocharged,2457.0,2.5,300.0,407.0,99.5,79.0,8.4,,122.1,Flat-4,,,Aluminum,Aluminum,,verified_manual
GM LS3,GM LS3,base,GM,American,LS,Naturally Aspirated,6162.0,6.2,430.0,569.0,103.2,92.0,10.7,,69.8,V8,,,Aluminum,Aluminum,,verified_manual
GM LS7,GM LS7,base,GM,American,LS,Naturally Aspirated,7011.0,7.0,505.0,637.0,104.8,101.6,11.0,,72.0,V8,,,Aluminum,Aluminum,,verified_manual
GM LS9,GM LS9,base,GM,American,LS,Supercharged,6162.0,6.2,638.0,819.0,103.2,92.0,9.1,,103.5,V8,,,Aluminum,Aluminum,,verified_manual
Ford 5.0 Coyote,Ford 5.0 Coyote,base,Ford,American,5.0,Naturally Aspirated,4951.0,5.0,412.0,529.0,92.2,92.7,11.0,,83.2,V8,,,Aluminum,Aluminum,,verified_manual
Ford 5.2 Voodoo,Ford 5.2 Voodoo,base,Ford,American,5.2,Naturally Aspirated,5163.0,5.2,526.0,582.0,94.0,93.0,12.0,,101.9,V8,,,Aluminum,Aluminum,,verified_manual
Ford 5.8 Trinity,Ford 5.8 Trinity,base,Ford,American,5.8,Naturally Aspirated,5856.0,5.9,662.0,847.0,92.2,110.0,9.0,,113.0,V8,,,Aluminum,Aluminum,,verified_manual
Chrysler 6.4 Hemi,Chrysler 6.4 Hemi,base,Chrysler,American,6.4,Naturally Aspirated,6417.0,6.4,470.0,644.0,103.0,96.0,10.9,,73.2,V8,,,Cast iron,Aluminum,,verified_manual
Chrysler 6.2 Hellcat,Chrysler 6.2 Hellcat,base,Chrysler,American,6.2,Supercharged,6166.0,6.2,707.0,881.0,103.9,90.9,9.5,,114.7,V8,,,Cast iron,Aluminum,,verified_manual
BMW S54B32,BMW S54B32,base,BMW,European,S,Naturally Aspirated,3246.0,3.2,338.0,365.0,87.0,91.0,11.5,,104.1,Straight-6,,,Cast iron,Aluminum,,verified_manual
BMW S65B40,BMW S65B40,base,BMW,European,S,Naturally Aspirated,3999.0,4.0,414.0,400.0,92.0,75.2,12.0,,103.5,V8,,,Aluminum,Aluminum,,verified_manual
BMW N54B30,BMW N54B30,base,BMW,European,N,Naturally Aspirated,2979.0,3.0,306.0,400.0,84.0,89.6,10.2,,102.7,Straight-6,,,Aluminum,Aluminum,,verified_manual
BMW N55B30,BMW N55B30,base,BMW,European,N,Naturally Aspirated,2979.0,3.0,300.0,400.0,84.0,89.6,10.2,,100.7,Straight-6,,,Aluminum,Aluminum,,verified_manual
BMW S55B30,BMW S55B30,base,BMW,European,S,Naturally Aspirated,2979.0,3.0,425.0,550.0,84.0,89.6,10.2,,142.7,Straight-6,,,Aluminum,Aluminum,,verified_manual
Mercedes M156,Mercedes M156,base,Mercedes,European,M,Naturally Aspirated,6208.0,6.2,457.0,630.0,102.2,94.6,11.3,,73.6,V8,,,Aluminum,Aluminum,,verified_manual
Toyota 2JZ-GTE,Toyota 2JZ-GTE,base,Toyota,JDM,2JZ-GTE,Turbocharged,2998.0,3.0,276.0,379.0,86.0,86.0,8.5,,92.1,Straight-6,,,Cast iron,Aluminum,,verified_manual
Toyota 2JZ-GE,Toyota 2JZ-GE,base,Toyota,JDM,2JZ-GE,Naturally Aspirated,2998.0,3.0,220.0,294.0,86.0,86.0,10.5,,73.4,Straight-6,,,Cast iron,Aluminum,,verified_manual
Nissan RB26DETT,Nissan RB26DETT,base,Nissan,JDM,RB,Turbocharged,2568.0,2.6,276.0,353.0,86.0,73.7,8.5,,107.5,Straight-6,,,Cast iron,Aluminum,,verified_manual
Nissan SR20DET,Nissan SR20DET,base,Nissan,JDM,SR,Turbocharged,1998.0,2.0,205.0,275.0,86.0,86.0,8.5,,102.6,Straight-4,,,Cast iron,Aluminum,,verified_manual
Honda K20A,Honda K20A,base,Honda,JDM,K,Naturally Aspirated,1998.0,2.0,221.0,206.0,86.0,86.0,11.7,,110.6,Straight-4,,,Aluminum,Aluminum,,verified_manual
Honda B18C,Honda B18C,base,Honda,JDM,B,Naturally Aspirated,1797.0,1.8,197.0,178.0,81.0,87.2,10.6,,109.6,Straight-4,,,Aluminum,Aluminum,,verified_manual
Honda C32B,Honda C32B,base,Honda,JDM,C,Naturally Aspirated,3179.0,3.2,276.0,304.0,93.0,78.0,10.2,,86.8,V6,,,Aluminum,Aluminum,,verified_manual
Kia Lambda II,Kia Lambda II,base,Kia,JDM,LAMBDA,Naturally Aspirated,3342.0,3.3,365.0,510.0,96.0,77.4,11.5,,109.2,V6,,,Aluminum,Aluminum,,verified_manual
BMW B48B20,BMW B48B20,base,BMW,European,B,Naturally Aspirated,1998.0,2.0,255.0,400.0,82.0,94.6,11.0,,127.6,Straight-4,,,Aluminum,Aluminum,,verified_manual
Bugatti WR16,Bugatti WR16,base,Bugatti,European,WR,Naturally Aspirated,7993.0,8.0,1001.0,1250.0,86.0,86.0,9.0,,125.2,W16,,,Aluminum,Aluminum,,verified_manual
Ferrari F154 CB,Ferrari F154 CB,base,Ferrari,European,F,Naturally Aspirated,3902.0,3.9,660.0,760.0,86.5,83.1,9.4,,169.1,V8,,,Aluminum,Aluminum,,verified_manual
Lamborghini V10 5.2,Lamborghini V10 5.2,base,Lamborghini,European,V,Naturally Aspirated,5204.0,5.2,610.0,560.0,84.5,92.8,12.7,,117.2,V10,,,Aluminum,Aluminum,,verified_manual
Aston Martin AM28,Aston Martin AM28,base,Aston,European,MARTIN,Naturally Aspirated,5204.0,5.2,528.0,625.0,97.0,88.0,9.5,,101.5,V12,,,Aluminum,Aluminum,,verified_manual
Porsche MA1 4.0,Porsche MA1 4.0,base,Porsche,European,MA,Naturally Aspirated,3996.0,4.0,500.0,570.0,102.0,81.5,12.5,,125.1,Flat-6,,,Aluminum,Aluminum,,verified_manual
Toyota 1LR-GUE,Toyota 1LR-GUE,base,Toyota,JDM,1LR-GUE,Naturally Aspirated,4805.0,4.8,553.0,480.0,88.5,97.0,11.8,,115.1,V10,,,Aluminum,Aluminum,,verified_manual
Mazda 13B-REW,Mazda 13B-REW,base,Mazda,JDM,13B-REW,Naturally Aspirated,1308.0,1.3,255.0,294.0,,,9.0,,195.0,Rotary,,,,,,verified_manual
Ford 7.3 Godzilla,Ford 7.3 Godzilla,base,Ford,American,7.3,Naturally Aspirated,7322.0,7.3,430.0,678.0,107.7,101.6,10.5,,58.7,V8,,,Cast iron,Aluminum,,verified_manual
Chevrolet LT2,Chevrolet LT2,base,Chevrolet,American,LT,Naturally Aspirated,6162.0,6.2,495.0,637.0,103.2,92.0,11.5,,80.3,V8,,,Aluminum,Aluminum,,verified_manual
Dodge 6.2 Demon,Dodge 6.2 Demon,base,Dodge,American,6.2,Supercharged,6166.0,6.2,840.0,770.0,103.9,90.9,9.5,,136.2,V8,,,Cast iron,Aluminum,,verified_manual
Cadillac LT4,Cadillac LT4,base,Cadillac,American,LT,Naturally Aspirated,6162.0,6.2,650.0,855.0,103.2,92.0,10.0,,105.5,V8,,,Aluminum,Aluminum,,verified_manual
Mitsubishi 4B11T,Mitsubishi 4B11T,base,Mitsubishi,JDM,4B11T,Turbocharged,1998.0,2.0,291.0,422.0,86.0,86.0,9.0,,145.6,Straight-4,,,Aluminum,Aluminum,,verified_manual
Subaru EJ207,Subaru EJ207,base,Subaru,JDM,EJ,Turbocharged,1994.0,2.0,280.0,392.0,92.0,75.0,8.0,,140.4,Flat-4,,,Aluminum,Aluminum,,verified_manual
Toyota 2GR-FE,Toyota 2GR-FE,base,Toyota,JDM,2GR-FE,Naturally Aspirated,3456.0,3.5,277.0,336.0,94.5,83.0,10.8,,80.2,V6,,,Aluminum,Aluminum,,verified_manual
Toyota 2GR-FSE,Toyota 2GR-FSE,base,Toyota,JDM,2GR-FSE,Naturally Aspirated,3456.0,3.5,311.0,377.0,94.5,83.0,12.0,,90.0,V6,,,Aluminum,Aluminum,,verified_manual
Honda J35Y,Honda J35Y,base,Honda,JDM,J,Naturally Aspirated,3471.0,3.5,280.0,355.0,89.0,93.0,11.5,,80.7,V6,,,Aluminum,Aluminum,,verified_manual
BMW M60 (3.0L),BMW M60,3.0L,BMW,European,M,Naturally Aspirated,3000.0,3.0,,,,,,,,90V8,DOHC,Normally aspirated,Aluminum,Aluminum,19921996,epa_verified
Ferrari Colombo engine (1.5L),Ferrari Colombo engine,1.5L,Ferrari,European,COLOMBO,Naturally Aspirated,1500.0,1.5,,,,,,,,60V12,"SOHC, 24-valveDOHC, 24-valve",Weber carburetorBoschK-JetronicFI,Aluminium,Aluminium,19471988,epa_verified
F154 CB,F154 CB,base,F154,Other,CB,Naturally Aspirated,3900.0,3.9,,,,,,,,,,,,,,epa_verified
F140 FE,F140 FE,base,F140,Other,FE,Naturally Aspirated,6300.0,6.3,,,,,,,,,,,,,,epa_verified
Aston Martin Vantage (2005),Aston Martin Vantage (2005),base,Aston,European,MARTIN,Naturally Aspirated,4300.0,4.3,,,,,,,,"Front mid-engine, rear-wheel-drive",,,,,20052017 (V8 Vantage)20092018 (V12 Vantage),epa_verified
Aston Martin DB10,Aston Martin DB10,base,Aston,European,MARTIN,Naturally Aspirated,4700.0,4.7,,,,,,,,"Front mid-engine, rear-wheel-drive",,,,,2014201510 produced,epa_verified
AM28,AM28,base,AM28,Other,AM,Naturally Aspirated,4300.0,4.3,,,,,,,,,,,,,,epa_verified
AM14,AM14,base,AM14,Other,AM,Naturally Aspirated,4300.0,4.3,,,,,,,,,,,,,,epa_verified
AM11,AM11,base,AM11,Other,AM,Naturally Aspirated,4300.0,4.3,,,,,,,,,,,,,,epa_verified
AM05,AM05,base,AM05,Other,AM,Naturally Aspirated,4300.0,4.3,,,,,,,,,,,,,,epa_verified
AE31,AE31,base,AE31,Other,AE,Naturally Aspirated,5200.0,5.2,,,,,,,,,,,,,,epa_verified
6G72,6G72,base,6G72,Other,6G72,Naturally Aspirated,3000.0,3.0,,,,,,,,,,,,,,epa_verified
6.2 L–6.5 L Lamborghini V12,6.2 L–6.5 L Lamborghini V12,base,6.2,Other,L,Naturally Aspirated,6200.0,6.2,,,,,,,,,,,,,,epa_verified
Ferrari Colombo engine (2.3L),Ferrari Colombo engine,2.3L,Ferrari,European,COLOMBO,Naturally Aspirated,2300.0,2.3,,,,,,,,60V12,"SOHC, 24-valveDOHC, 24-valve",Weber carburetorBoschK-JetronicFI,Aluminium,Aluminium,19471988,epa_verified
Ferrari Colombo engine (2.0L),Ferrari Colombo engine,2.0L,Ferrari,European,COLOMBO,Naturally Aspirated,2000.0,2.0,,,,,,,,60V12,"SOHC, 24-valveDOHC, 24-valve",Weber carburetorBoschK-JetronicFI,Aluminium,Aluminium,19471988,epa_verified
BMW N47 (1.6L),BMW N47,1.6L,BMW,European,N,Turbocharged,1600.0,1.6,,,,,,,,Straight-4,,Common raildirect injection,,,March 2007 - September 2014,epa_verified
Ferrari Colombo engine (2.6L),Ferrari Colombo engine,2.6L,Ferrari,European,COLOMBO,Naturally Aspirated,2600.0,2.6,,,,,,,,60V12,"SOHC, 24-valveDOHC, 24-valve",Weber carburetorBoschK-JetronicFI,Aluminium,Aluminium,19471988,epa_verified
Honda C engine (2.0L),Honda C engine,2.0L,Honda,JDM,C,Naturally Aspirated,2000.0,2.0,,,,,,,,90V6,SOHC&DOHC4 valvesx cyl. (VTEConly in DOHC engines),Fuel injection,Aluminum,Aluminum,19852005,epa_verified
BMW M60 (4.0L),BMW M60,4.0L,BMW,European,M,Naturally Aspirated,4000.0,4.0,,,,,,,,90V8,DOHC,Normally aspirated,Aluminum,Aluminum,19921996,epa_verified
BMW B58B30C,BMW B58B30C,base,BMW,European,B,Naturally Aspirated,2998.0,3.0,,,,,,,,,,,,,,epa_verified
BMW B58,BMW B58,base,BMW,European,B,Turbocharged,2998.0,3.0,,,,,,,,Straight-six,DOHC4 valves x cyl.withValvetronicandDouble VANOS,Direct injection,Closed-deck aluminium,Aluminium,2015present,epa_verified
BMW N43 (2.0L),BMW N43,2.0L,BMW,European,N,Naturally Aspirated,2000.0,2.0,,,,,,,,Inline-4,"DOHC, withVVT",,Aluminium,Aluminium,2007-2011,epa_verified
BMW N43 (1.6L),BMW N43,1.6L,BMW,European,N,Naturally Aspirated,1600.0,1.6,,,,,,,,Inline-4,"DOHC, withVVT",,Aluminium,Aluminium,2007-2011,epa_verified
BMW M73,BMW M73,base,BMW,European,M,Naturally Aspirated,5379.0,5.4,,,,,,,,60V12,SOHC,,,,19932002,epa_verified
BMW M70 (6.1L),BMW M70,6.1L,BMW,European,M,Naturally Aspirated,6100.0,6.1,,,,,,,,60V12,SOHC,,Aluminium,Aluminium,19871994,epa_verified
BMW M70 (6.0L),BMW M70,6.0L,BMW,European,M,Naturally Aspirated,6000.0,6.0,,,,,,,,60V12,SOHC,,Aluminium,Aluminium,19871994,epa_verified
BMW M70 (5.6L),BMW M70,5.6L,BMW,European,M,Naturally Aspirated,5600.0,5.6,,,,,,,,60V12,SOHC,,Aluminium,Aluminium,19871994,epa_verified
BMW M62 (4.8L),BMW M62,4.8L,BMW,European,M,Naturally Aspirated,4800.0,4.8,,,,,,,,90V8,"DOHC, withVVTonM62TU versions",Manifold injection,Aluminium,Aluminium,19952005,epa_verified
BMW M62 (4.6L),BMW M62,4.6L,BMW,European,M,Naturally Aspirated,4600.0,4.6,,,,,,,,90V8,"DOHC, withVVTonM62TU versions",Manifold injection,Aluminium,Aluminium,19952005,epa_verified
BMW M62 (4.4L),BMW M62,4.4L,BMW,European,M,Naturally Aspirated,4400.0,4.4,,,,,,,,90V8,"DOHC, withVVTonM62TU versions",Manifold injection,Aluminium,Aluminium,19952005,epa_verified
BMW M62 (3.5L),BMW M62,3.5L,BMW,European,M,Naturally Aspirated,3500.0,3.5,,,,,,,,90V8,"DOHC, withVVTonM62TU versions",Manifold injection,Aluminium,Aluminium,19952005,epa_verified
BMW M54 (3.0L),BMW M54,3.0L,BMW,European,M,Naturally Aspirated,3000.0,3.0,,,,,,,,Straight-6,DOHCw/VVT,,Aluminium,Aluminium,20002006,epa_verified
Ford Modular engine (5.0L),Ford Modular engine,5.0L,Ford,American,MODULAR,Naturally Aspirated,5000.0,5.0,,,90.2,90.0,,,,90V8andV10,SOHC2- or3 valves per cylwithVCT(some versions)DOHC4 valves per cylwith VCT/Ti-VCT (some versions),Fuel injection,,,1990presentMY: 1991present,epa_verified
Ferrari F50,Ferrari F50,base,Ferrari,European,F,Naturally Aspirated,4700.0,4.7,512.3,,,,,,109.0,"Rear mid-engine, rear-wheel-drive",,,,,19951997349 produced,epa_verified
Ferrari F154 engine (4.0L),Ferrari F154 engine,4.0L,Ferrari,European,F,Turbocharged,4000.0,4.0,,,,,,,,90V8,"DOHC, 32-valve",Gasoline direct injection,Aluminium,Aluminium,2013present,epa_verified
Ferrari F154 engine (3.9L),Ferrari F154 engine,3.9L,Ferrari,European,F,Turbocharged,3900.0,3.9,,,,,,,,90V8,"DOHC, 32-valve",Gasoline direct injection,Aluminium,Aluminium,2013present,epa_verified
Honda J engine (3.2L),Honda J engine,3.2L,Honda,JDM,J,Naturally Aspirated,3200.0,3.2,,,,,,,,60V6,SOHC4-valvewithVTECDOHC4-valve(J30AC and J35Y8),PGM-FIMulti-point fuel injectionDirect injection,Aluminum,Aluminum,1996present,epa_verified
Honda J engine (3.0L),Honda J engine,3.0L,Honda,JDM,J,Naturally Aspirated,3000.0,3.0,,,,,,,,60V6,SOHC4-valvewithVTECDOHC4-valve(J30AC and J35Y8),PGM-FIMulti-point fuel injectionDirect injection,Aluminum,Aluminum,1996present,epa_verified
Ferrari F140 engine (6.3L),Ferrari F140 engine,6.3L,Ferrari,European,F,Naturally Aspirated,6300.0,6.3,,,,,,,,65V12,DOHC,Fuel injectionDirect fuel injection,Aluminium,Aluminium,2002present,epa_verified
Ferrari F140 engine (6.0L),Ferrari F140 engine,6.0L,Ferrari,European,F,Naturally Aspirated,6000.0,6.0,,,,,,,,65V12,DOHC,Fuel injectionDirect fuel injection,Aluminium,Aluminium,2002present,epa_verified
Ferrari F136 engine (4.7L),Ferrari F136 engine,4.7L,Ferrari,European,F,Naturally Aspirated,4700.0,4.7,,,,,,,,"90V8; 180 flat-plane crankshaft (Ferrari) / 90 cross-plane crankshaft (Maserati, Alfa Romeo)","DOHC, 32-valve",Direct injectionMulti-port injection,,,20012020,epa_verified
Ferrari F136 engine (4.5L),Ferrari F136 engine,4.5L,Ferrari,European,F,Naturally Aspirated,4500.0,4.5,,,,,,,,"90V8; 180 flat-plane crankshaft (Ferrari) / 90 cross-plane crankshaft (Maserati, Alfa Romeo)","DOHC, 32-valve",Direct injectionMulti-port injection,,,20012020,epa_verified
Ferrari F136 engine (4.3L),Ferrari F136 engine,4.3L,Ferrari,European,F,Naturally Aspirated,4300.0,4.3,,,,,,,,"90V8; 180 flat-plane crankshaft (Ferrari) / 90 cross-plane crankshaft (Maserati, Alfa Romeo)","DOHC, 32-valve",Direct injectionMulti-port injection,,,20012020,epa_verified
Chrysler Hemi engine (6.4L),Chrysler Hemi engine,6.4L,Chrysler,American,HEMI,Naturally Aspirated,6400.0,6.4,,,102.9,96.1,,,,Naturally aspiratedV8,OHV2valvespercylinder,2X4 barrelCarter AFBCarburetor,Cast iron,AluminumCast iron,19511963,epa_verified
Chrysler Hemi engine (6.2L),Chrysler Hemi engine,6.2L,Chrysler,American,HEMI,Naturally Aspirated,6200.0,6.2,,,102.9,96.1,,,,Naturally aspiratedV8,OHV2valvespercylinder,2X4 barrelCarter AFBCarburetor,Cast iron,AluminumCast iron,19511963,epa_verified
Chrysler Hemi engine (6.1L),Chrysler Hemi engine,6.1L,Chrysler,American,HEMI,Naturally Aspirated,6100.0,6.1,,,102.9,96.1,,,,Naturally aspiratedV8,OHV2valvespercylinder,2X4 barrelCarter AFBCarburetor,Cast iron,AluminumCast iron,19511963,epa_verified
Chrysler Hemi engine (5.7L),Chrysler Hemi engine,5.7L,Chrysler,American,HEMI,Naturally Aspirated,5700.0,5.7,,,102.9,96.1,,,,Naturally aspiratedV8,OHV2valvespercylinder,2X4 barrelCarter AFBCarburetor,Cast iron,AluminumCast iron,19511963,epa_verified
Chevrolet small-block engine (first- and second-generation) (6.6L),Chevrolet small-block engine (first- and second-generation),6.6L,Chevrolet,American,SMALL,Naturally Aspirated,6600.0,6.6,,,88.9,76.2,,,,90V8,OHV2 valves  cyl.DOHC4 valves cyl. (LT5),"Carburetor,fuel injection","Cast iron,aluminum","Cast iron, aluminum",19542003Flint North(engine block and heads)Saginaw Metal Casting Operations,epa_verified
Honda F20C engine (2.0L),Honda F20C engine,2.0L,Honda,JDM,F,Naturally Aspirated,2000.0,2.0,,,,,,,,Naturally-aspiratedInline-4,DOHC4 valves x cyl.withVTEC,Fuel injection,Aluminum,Aluminum,19992009,epa_verified
Honda Civic (seventh generation),Honda Civic (seventh generation),base,Honda,JDM,CIVIC,Naturally Aspirated,1400.0,1.4,,,,,,,,"Front-engine, front-wheel-drive",,,,,June 2000September 2005,epa_verified
Honda C30A,Honda C30A,base,Honda,JDM,C,Naturally Aspirated,3000.0,3.0,,,,,,,,,,,,,,epa_verified
Honda C engine (3.5L),Honda C engine,3.5L,Honda,JDM,C,Naturally Aspirated,3500.0,3.5,,,,,,,,90V6,SOHC&DOHC4 valvesx cyl. (VTEConly in DOHC engines),Fuel injection,Aluminum,Aluminum,19852005,epa_verified
Honda C engine (3.2L),Honda C engine,3.2L,Honda,JDM,C,Naturally Aspirated,3200.0,3.2,,,,,,,,90V6,SOHC&DOHC4 valvesx cyl. (VTEConly in DOHC engines),Fuel injection,Aluminum,Aluminum,19852005,epa_verified
Honda C engine (3.0L),Honda C engine,3.0L,Honda,JDM,C,Naturally Aspirated,3000.0,3.0,,,,,,,,90V6,SOHC&DOHC4 valvesx cyl. (VTEConly in DOHC engines),Fuel injection,Aluminum,Aluminum,19852005,epa_verified
Honda C engine (2.7L),Honda C engine,2.7L,Honda,JDM,C,Naturally Aspirated,2700.0,2.7,,,,,,,,90V6,SOHC&DOHC4 valvesx cyl. (VTEConly in DOHC engines),Fuel injection,Aluminum,Aluminum,19852005,epa_verified
Honda C engine (2.5L),Honda C engine,2.5L,Honda,JDM,C,Naturally Aspirated,2500.0,2.5,,,,,,,,90V6,SOHC&DOHC4 valvesx cyl. (VTEConly in DOHC engines),Fuel injection,Aluminum,Aluminum,19852005,epa_verified
Jaguar AJ-V8 engine (3.0L),Jaguar AJ-V8 engine,3.0L,Jaguar,European,AJ,Naturally Aspirated,3000.0,3.0,,,,,,,,90V890V6,DOHC4 valves x cyl.withVVT,Multi-port fuel injection(1996-2010)Direct injection(2010-present),Aluminium alloy,Aluminium alloy,199620102005-2017 (AM05/AM14)20102012 (AJ133/AJ133S)20132024 (AJ126/AJ133S),epa_verified
Hemi,Hemi,base,Hemi,Other,HEMI,Naturally Aspirated,3000.0,3.0,,,,,,,,,,,,,,epa_verified
Hellcat Hemi,Hellcat Hemi,base,Hellcat,Other,HEMI,Supercharged,6166.0,6.2,,,,,,,,,,,,,,epa_verified
Ford small block engine,Ford small block engine,base,Ford,American,SMALL,Naturally Aspirated,3621.5,3.6,,,4.0,3.5,,,,Naturally aspirated90 V8,"Pushrod OHVCast iron cam, Flat tappet (196284 302, 196993 351W)Steel roller cam & lifters (19852001 302, 199497 351W)","Carbureted(19621985 302, 19691991 351W)EFI(19881997 351W, 19862001 all others)","Cast ironDeck height:9.480"" (196970 351W)9.503"" (197196 351W)8.2018.210"" (BOSS 302)8.206"" (221, 260, 289, 302)",Cast iron,July 1961  2002,epa_verified
Ford Modular engine (5.8L),Ford Modular engine,5.8L,Ford,American,MODULAR,Naturally Aspirated,5800.0,5.8,,,90.2,90.0,,,,90V8andV10,SOHC2- or3 valves per cylwithVCT(some versions)DOHC4 valves per cylwith VCT/Ti-VCT (some versions),Fuel injection,,,1990presentMY: 1991present,epa_verified
Ford Modular engine (5.4L),Ford Modular engine,5.4L,Ford,American,MODULAR,Naturally Aspirated,5400.0,5.4,,,90.2,90.0,,,,90V8andV10,SOHC2- or3 valves per cylwithVCT(some versions)DOHC4 valves per cylwith VCT/Ti-VCT (some versions),Fuel injection,,,1990presentMY: 1991present,epa_verified
Ford Modular engine (5.3L),Ford Modular engine,5.3L,Ford,American,MODULAR,Naturally Aspirated,5300.0,5.3,,,90.2,90.0,,,,90V8andV10,SOHC2- or3 valves per cylwithVCT(some versions)DOHC4 valves per cylwith VCT/Ti-VCT (some versions),Fuel injection,,,1990presentMY: 1991present,epa_verified
Ford Modular engine (5.2L),Ford Modular engine,5.2L,Ford,American,MODULAR,Naturally Aspirated,5200.0,5.2,,,90.2,90.0,,,,90V8andV10,SOHC2- or3 valves per cylwithVCT(some versions)DOHC4 valves per cylwith VCT/Ti-VCT (some versions),Fuel injection,,,1990presentMY: 1991present,epa_verified
BMW N63 (4.0L),BMW N63,4.0L,BMW,European,N,Turbocharged,4000.0,4.0,,,,,,,,90V8,DOHCw/VVT,,Aluminium,Aluminium,2008present,epa_verified
BMW N55,BMW N55,base,BMW,European,N,Naturally Aspirated,2979.0,3.0,500.0,,,,,,167.8,Straight-6,"DOHC, withVVT&VVL",,Aluminium,Aluminium,20092021,epa_verified
BMW N54,BMW N54,base,BMW,European,N,Turbocharged,2979.0,3.0,,,,,,,,Straight-6,"DOHC, withVVT",,Aluminium,Aluminium,20062016,epa_verified
BMW N52 (3.0L),BMW N52,3.0L,BMW,European,N,Naturally Aspirated,3000.0,3.0,,,,,,,,Straight-6,"DOHC, withVVT&VVL",,Magnesium-Aluminium,Aluminium,20042015,epa_verified
BMW N52 (2.5L),BMW N52,2.5L,BMW,European,N,Naturally Aspirated,2500.0,2.5,,,,,,,,Straight-6,"DOHC, withVVT&VVL",,Magnesium-Aluminium,Aluminium,20042015,epa_verified
BMW N47 (2.0L),BMW N47,2.0L,BMW,European,N,Turbocharged,2000.0,2.0,,,,,,,,Straight-4,,Common raildirect injection,,,March 2007 - September 2014,epa_verified
VR6 engine,VR6 engine,base,VR6,Other,ENGINE,Naturally Aspirated,2792.0,2.8,,,,,,,,Petrol,19912002: 12 valves19992024: 24 valves,,,,19912024,epa_verified
VR38DETT,VR38DETT,base,VR38DETT,Other,VR,Turbocharged,3800.0,3.8,,,,,,,,,,,,,,epa_verified
VQ37VHR,VQ37VHR,base,VQ37VHR,Other,VQ,Naturally Aspirated,3700.0,3.7,,,,,,,,,,,,,,epa_verified
Honda J engine (3.7L),Honda J engine,3.7L,Honda,JDM,J,Naturally Aspirated,3700.0,3.7,,,,,,,,60V6,SOHC4-valvewithVTECDOHC4-valve(J30AC and J35Y8),PGM-FIMulti-point fuel injectionDirect injection,Aluminum,Aluminum,1996present,epa_verified
Honda J engine (3.5L),Honda J engine,3.5L,Honda,JDM,J,Naturally Aspirated,3500.0,3.5,,,,,,,,60V6,SOHC4-valvewithVTECDOHC4-valve(J30AC and J35Y8),PGM-FIMulti-point fuel injectionDirect injection,Aluminum,Aluminum,1996present,epa_verified
LT7,LT7,base,LT7,Other,LT,Naturally Aspirated,6200.0,6.2,,,,,,,,,,,,,,epa_verified
LT6,LT6,base,LT6,Other,LT,Naturally Aspirated,5499.0,5.5,,,,,,,,,,,,,,epa_verified
LS6,LS6,base,LS6,Other,LS,Naturally Aspirated,5665.0,5.7,,,,,,,,,,,,,,epa_verified
Honda J engine (2.5L),Honda J engine,2.5L,Honda,JDM,J,Naturally Aspirated,2500.0,2.5,,,,,,,,60V6,SOHC4-valvewithVTECDOHC4-valve(J30AC and J35Y8),PGM-FIMulti-point fuel injectionDirect injection,Aluminum,Aluminum,1996present,epa_verified
Honda F20C engine (2.2L),Honda F20C engine,2.2L,Honda,JDM,F,Naturally Aspirated,2200.0,2.2,,,,,,,,Naturally-aspiratedInline-4,DOHC4 valves x cyl.withVTEC,Fuel injection,Aluminum,Aluminum,19992009,epa_verified
K20A,K20A,base,K20A,Other,K,Naturally Aspirated,2000.0,2.0,,,,,,,,,,,,,,epa_verified
Jaguar AJ-V8 engine (5.0L),Jaguar AJ-V8 engine,5.0L,Jaguar,European,AJ,Naturally Aspirated,5000.0,5.0,,,,,,,,90V890V6,DOHC4 valves x cyl.withVVT,Multi-port fuel injection(1996-2010)Direct injection(2010-present),Aluminium alloy,Aluminium alloy,199620102005-2017 (AM05/AM14)20102012 (AJ133/AJ133S)20132024 (AJ126/AJ133S),epa_verified
Jaguar AJ-V8 engine (4.7L),Jaguar AJ-V8 engine,4.7L,Jaguar,European,AJ,Naturally Aspirated,4700.0,4.7,,,,,,,,90V890V6,DOHC4 valves x cyl.withVVT,Multi-port fuel injection(1996-2010)Direct injection(2010-present),Aluminium alloy,Aluminium alloy,199620102005-2017 (AM05/AM14)20102012 (AJ133/AJ133S)20132024 (AJ126/AJ133S),epa_verified
Jaguar AJ-V8 engine (4.4L),Jaguar AJ-V8 engine,4.4L,Jaguar,European,AJ,Naturally Aspirated,4400.0,4.4,,,,,,,,90V890V6,DOHC4 valves x cyl.withVVT,Multi-port fuel injection(1996-2010)Direct injection(2010-present),Aluminium alloy,Aluminium alloy,199620102005-2017 (AM05/AM14)20102012 (AJ133/AJ133S)20132024 (AJ126/AJ133S),epa_verified
Jaguar AJ-V8 engine (4.3L),Jaguar AJ-V8 engine,4.3L,Jaguar,European,AJ,Naturally Aspirated,4300.0,4.3,,,,,,,,90V890V6,DOHC4 valves x cyl.withVVT,Multi-port fuel injection(1996-2010)Direct injection(2010-present),Aluminium alloy,Aluminium alloy,199620102005-2017 (AM05/AM14)20102012 (AJ133/AJ133S)20132024 (AJ126/AJ133S),epa_verified
Jaguar AJ-V8 engine (4.2L),Jaguar AJ-V8 engine,4.2L,Jaguar,European,AJ,Naturally Aspirated,4200.0,4.2,,,,,,,,90V890V6,DOHC4 valves x cyl.withVVT,Multi-port fuel injection(1996-2010)Direct injection(2010-present),Aluminium alloy,Aluminium alloy,199620102005-2017 (AM05/AM14)20102012 (AJ133/AJ133S)20132024 (AJ126/AJ133S),epa_verified
Jaguar AJ-V8 engine (4.0L),Jaguar AJ-V8 engine,4.0L,Jaguar,European,AJ,Naturally Aspirated,4000.0,4.0,,,,,,,,90V890V6,DOHC4 valves x cyl.withVVT,Multi-port fuel injection(1996-2010)Direct injection(2010-present),Aluminium alloy,Aluminium alloy,199620102005-2017 (AM05/AM14)20102012 (AJ133/AJ133S)20132024 (AJ126/AJ133S),epa_verified
Jaguar AJ-V8 engine (3.9L),Jaguar AJ-V8 engine,3.9L,Jaguar,European,AJ,Naturally Aspirated,3900.0,3.9,,,,,,,,90V890V6,DOHC4 valves x cyl.withVVT,Multi-port fuel injection(1996-2010)Direct injection(2010-present),Aluminium alloy,Aluminium alloy,199620102005-2017 (AM05/AM14)20102012 (AJ133/AJ133S)20132024 (AJ126/AJ133S),epa_verified
Jaguar AJ-V8 engine (3.5L),Jaguar AJ-V8 engine,3.5L,Jaguar,European,AJ,Naturally Aspirated,3500.0,3.5,,,,,,,,90V890V6,DOHC4 valves x cyl.withVVT,Multi-port fuel injection(1996-2010)Direct injection(2010-present),Aluminium alloy,Aluminium alloy,199620102005-2017 (AM05/AM14)20102012 (AJ133/AJ133S)20132024 (AJ126/AJ133S),epa_verified
M139,M139,base,M139,Other,M,Naturally Aspirated,1500.0,1.5,,,,,,,,,,,,,,epa_verified
Lexus LFA,Lexus LFA,base,Lexus,JDM,LFA,Naturally Aspirated,4800.0,4.8,740.2,,,,,,154.2,"Front mid-engine, rear-wheel-drive",,,,,December 2010  December 2012500 units,epa_verified
Buick V6 engine (3.0L),Buick V6 engine,3.0L,Buick,American,V,Naturally Aspirated,3000.0,3.0,,,88.9,67.6,,,,90V6,OHV2 valves  cyl.,RochestercarburetorMulti-port fuel injectionSequential fuel injection,Cast iron,Cast iron,19612008,epa_verified
BMW S70/2,BMW S70/2,base,BMW,European,S,Naturally Aspirated,6100.0,6.1,,,,,,,,,,,,,,epa_verified
BMW S65 (4.4L),BMW S65,4.4L,BMW,European,S,Naturally Aspirated,4400.0,4.4,,,,,,,,90V8,DOHCw/VVT,Electronic multi-point fuel injection,Aluminium,Aluminium,20072013,epa_verified
BMW S65 (4.0L),BMW S65,4.0L,BMW,European,S,Naturally Aspirated,4000.0,4.0,,,,,,,,90V8,DOHCw/VVT,Electronic multi-point fuel injection,Aluminium,Aluminium,20072013,epa_verified
BMW N63 (4.4L),BMW N63,4.4L,BMW,European,N,Turbocharged,4400.0,4.4,,,,,,,,90V8,DOHCw/VVT,,Aluminium,Aluminium,2008present,epa_verified
Lamborghini V12 (6.5L),Lamborghini V12,6.5L,Lamborghini,European,V,Naturally Aspirated,6500.0,6.5,,,88.9,88.9,,,,60V12petrol engine,"double overhead camshaft,3.5/4.0/4.8: 2-valves percyl,5.2/5.7/6.0/6.2/6.5:4-valves per cyl","3.5/3.9/4.8/5.2: 6Webercarburettors,5.7/6.0/6.2/6.5: electronicmulti-pointsequentialfuel injection",Cast aluminium alloy,Cast aluminium alloy,1963present,epa_verified
Lamborghini V12 (6.2L),Lamborghini V12,6.2L,Lamborghini,European,V,Naturally Aspirated,6200.0,6.2,,,88.9,88.9,,,,60V12petrol engine,"double overhead camshaft,3.5/4.0/4.8: 2-valves percyl,5.2/5.7/6.0/6.2/6.5:4-valves per cyl","3.5/3.9/4.8/5.2: 6Webercarburettors,5.7/6.0/6.2/6.5: electronicmulti-pointsequentialfuel injection",Cast aluminium alloy,Cast aluminium alloy,1963present,epa_verified
Lamborghini V12 (6.0L),Lamborghini V12,6.0L,Lamborghini,European,V,Naturally Aspirated,6000.0,6.0,,,88.9,88.9,,,,60V12petrol engine,"double overhead camshaft,3.5/4.0/4.8: 2-valves percyl,5.2/5.7/6.0/6.2/6.5:4-valves per cyl","3.5/3.9/4.8/5.2: 6Webercarburettors,5.7/6.0/6.2/6.5: electronicmulti-pointsequentialfuel injection",Cast aluminium alloy,Cast aluminium alloy,1963present,epa_verified
Lamborghini V12 (5.7L),Lamborghini V12,5.7L,Lamborghini,European,V,Naturally Aspirated,5700.0,5.7,,,88.9,88.9,,,,60V12petrol engine,"double overhead camshaft,3.5/4.0/4.8: 2-valves percyl,5.2/5.7/6.0/6.2/6.5:4-valves per cyl","3.5/3.9/4.8/5.2: 6Webercarburettors,5.7/6.0/6.2/6.5: electronicmulti-pointsequentialfuel injection",Cast aluminium alloy,Cast aluminium alloy,1963present,epa_verified
Lamborghini V12 (5.2L),Lamborghini V12,5.2L,Lamborghini,European,V,Naturally Aspirated,5200.0,5.2,,,88.9,88.9,,,,60V12petrol engine,"double overhead camshaft,3.5/4.0/4.8: 2-valves percyl,5.2/5.7/6.0/6.2/6.5:4-valves per cyl","3.5/3.9/4.8/5.2: 6Webercarburettors,5.7/6.0/6.2/6.5: electronicmulti-pointsequentialfuel injection",Cast aluminium alloy,Cast aluminium alloy,1963present,epa_verified
Lamborghini V12 (4.8L),Lamborghini V12,4.8L,Lamborghini,European,V,Naturally Aspirated,4800.0,4.8,,,88.9,88.9,,,,60V12petrol engine,"double overhead camshaft,3.5/4.0/4.8: 2-valves percyl,5.2/5.7/6.0/6.2/6.5:4-valves per cyl","3.5/3.9/4.8/5.2: 6Webercarburettors,5.7/6.0/6.2/6.5: electronicmulti-pointsequentialfuel injection",Cast aluminium alloy,Cast aluminium alloy,1963present,epa_verified
Lamborghini V12 (3.9L),Lamborghini V12,3.9L,Lamborghini,European,V,Naturally Aspirated,3900.0,3.9,,,88.9,88.9,,,,60V12petrol engine,"double overhead camshaft,3.5/4.0/4.8: 2-valves percyl,5.2/5.7/6.0/6.2/6.5:4-valves per cyl","3.5/3.9/4.8/5.2: 6Webercarburettors,5.7/6.0/6.2/6.5: electronicmulti-pointsequentialfuel injection",Cast aluminium alloy,Cast aluminium alloy,1963present,epa_verified
Lamborghini V12 (3.5L),Lamborghini V12,3.5L,Lamborghini,European,V,Naturally Aspirated,3500.0,3.5,,,88.9,88.9,,,,60V12petrol engine,"double overhead camshaft,3.5/4.0/4.8: 2-valves percyl,5.2/5.7/6.0/6.2/6.5:4-valves per cyl","3.5/3.9/4.8/5.2: 6Webercarburettors,5.7/6.0/6.2/6.5: electronicmulti-pointsequentialfuel injection",Cast aluminium alloy,Cast aluminium alloy,1963present,epa_verified
Lamborghini Huracán,Lamborghini Huracán,base,Lamborghini,European,HURAC,Naturally Aspirated,5200.0,5.2,602.1,759.4,,,,,115.8,"Longitudinal,mid-engine, four-wheel-drive(LP 610-4, LP 640-4 Performante, LP 640-4 Sterrato)Rear mid-engine, rear-wheel-drive(LP 580-2, LP 620-2, LP 610-2, Tecnica, STO)",,,,,2014August 2024,epa_verified
M47 Patton,M47 Patton,base,M47,Other,PATTON,Naturally Aspirated,897.5,0.9,,2183.2,,,,,,Medium tank: 35,,,,,"8,576",epa_verified
M47,M47,base,M47,Other,M,Naturally Aspirated,2000.0,2.0,,,,,,,,,,,,,,epa_verified
M278,M278,base,M278,Other,M,Naturally Aspirated,1800.0,1.8,,,,,,,,,,,,,,epa_verified
L539,L539,base,L539,Other,L,Naturally Aspirated,5204.0,5.2,,,,,,,,,,,,,,epa_verified
K20Z1,K20Z1,base,K20Z1,Other,K,Naturally Aspirated,2000.0,2.0,,,,,,,,,,,,,,epa_verified
K20A3,K20A3,base,K20A3,Other,K,Naturally Aspirated,2000.0,2.0,,,,,,,,,,,,,,epa_verified
K20A2,K20A2,base,K20A2,Other,K,Naturally Aspirated,2000.0,2.0,,,,,,,,,,,,,,epa_verified
Chevrolet small-block engine (first- and second-generation) (4.9L),Chevrolet small-block engine (first- and second-generation),4.9L,Chevrolet,American,SMALL,Naturally Aspirated,4900.0,4.9,,,88.9,76.2,,,,90V8,OHV2 valves  cyl.DOHC4 valves cyl. (LT5),"Carburetor,fuel injection","Cast iron,aluminum","Cast iron, aluminum",19542003Flint North(engine block and heads)Saginaw Metal Casting Operations,epa_verified
Chevrolet small-block engine (first- and second-generation) (4.6L),Chevrolet small-block engine (first- and second-generation),4.6L,Chevrolet,American,SMALL,Naturally Aspirated,4600.0,4.6,,,88.9,76.2,,,,90V8,OHV2 valves  cyl.DOHC4 valves cyl. (LT5),"Carburetor,fuel injection","Cast iron,aluminum","Cast iron, aluminum",19542003Flint North(engine block and heads)Saginaw Metal Casting Operations,epa_verified
Chevrolet small-block engine (first- and second-generation) (4.4L),Chevrolet small-block engine (first- and second-generation),4.4L,Chevrolet,American,SMALL,Naturally Aspirated,4400.0,4.4,,,88.9,76.2,,,,90V8,OHV2 valves  cyl.DOHC4 valves cyl. (LT5),"Carburetor,fuel injection","Cast iron,aluminum","Cast iron, aluminum",19542003Flint North(engine block and heads)Saginaw Metal Casting Operations,epa_verified
Chevrolet small-block engine (first- and second-generation) (4.3L),Chevrolet small-block engine (first- and second-generation),4.3L,Chevrolet,American,SMALL,Naturally Aspirated,4300.0,4.3,,,88.9,76.2,,,,90V8,OHV2 valves  cyl.DOHC4 valves cyl. (LT5),"Carburetor,fuel injection","Cast iron,aluminum","Cast iron, aluminum",19542003Flint North(engine block and heads)Saginaw Metal Casting Operations,epa_verified
Chevrolet big-block engine,Chevrolet big-block engine,base,Chevrolet,American,BIG,Naturally Aspirated,5702.7,5.7,,,99.9,76.2,,,,Naturally aspirated90V8,OHV2valvescyl.,CarburetorFuel injection(Since Gen. V),Cast iron,"Cast iron,aluminum",1958present,epa_verified
CA18DET,CA18DET,base,CA18DET,Other,CA,Turbocharged,1800.0,1.8,,,,,,,,,,,,,,epa_verified
Toyota UR engine (4.6L),Toyota UR engine,4.6L,Toyota,JDM,UR,Naturally Aspirated,4600.0,4.6,,,,,,,,90V8,DOHC4 valves x cyl.w/VVT-i,D-4S direct injection,Die-castaluminum,Aluminum,2006present,epa_verified
M270,M270,base,M270,Other,M,Naturally Aspirated,1500.0,1.5,,,,,,,,,,,,,,epa_verified
M264,M264,base,M264,Other,M,Naturally Aspirated,1500.0,1.5,,,,,,,,,,,,,,epa_verified
M177,M177,base,M177,Other,M,Naturally Aspirated,3982.0,4.0,,,,,,,,,,,,,,epa_verified
M159,M159,base,M159,Other,M,Naturally Aspirated,6200.0,6.2,,,,,,,,,,,,,,epa_verified
M157,M157,base,M157,Other,M,Naturally Aspirated,1800.0,1.8,,,,,,,,,,,,,,epa_verified
M156,M156,base,M156,Other,M,Naturally Aspirated,6208.0,6.2,,,,,,,,,,,,,,epa_verified
M840T,M840T,base,M840T,Other,M,Turbocharged,4000.0,4.0,,,,,,,,,,,,,,epa_verified
M838TQ,M838TQ,base,M838TQ,Other,M,Naturally Aspirated,3800.0,3.8,,,,,,,,,,,,,,epa_verified
M838T E,M838T E,base,M838T,Other,E,Naturally Aspirated,3800.0,3.8,,,,,,,,,,,,,,epa_verified
M54,M54,base,M54,Other,M,Naturally Aspirated,2000.0,2.0,,,,,,,,,,,,,,epa_verified
M52B28,M52B28,base,M52B28,Other,M,Naturally Aspirated,2800.0,2.8,,,,,,,,,,,,,,epa_verified
M52,M52,base,M52,Other,M,Naturally Aspirated,2800.0,2.8,,,,,,,,,,,,,,epa_verified
M51,M51,base,M51,Other,M,Naturally Aspirated,2800.0,2.8,,,,,,,,,,,,,,epa_verified
Mercedes-Benz M270/M274 engine (2.0L),Mercedes-Benz M270/M274 engine,2.0L,Mercedes-Benz,European,M,Naturally Aspirated,2000.0,2.0,,,,,,,,Inline 4,DOHC4 valves x cyl.withVVT,Direct injection,Aluminium alloy,Aluminium alloy,2011  present,epa_verified
Mercedes-Benz M270/M274 engine (1.6L),Mercedes-Benz M270/M274 engine,1.6L,Mercedes-Benz,European,M,Naturally Aspirated,1600.0,1.6,,,,,,,,Inline 4,DOHC4 valves x cyl.withVVT,Direct injection,Aluminium alloy,Aluminium alloy,2011  present,epa_verified
Mercedes-Benz M260/M264 engine (2.0L),Mercedes-Benz M260/M264 engine,2.0L,Mercedes-Benz,European,M,Naturally Aspirated,2000.0,2.0,,,,,,,,Inline-four engine,DOHC4 valvesx cyl. withVVT,Direct injection,Aluminium alloy,Aluminium alloy,2017present,epa_verified
M276,M276,base,M276,Other,M,Naturally Aspirated,1600.0,1.6,,,,,,,,,,,,,,epa_verified
M274,M274,base,M274,Other,M,Naturally Aspirated,1600.0,1.6,,,,,,,,,,,,,,epa_verified
M273,M273,base,M273,Other,M,Naturally Aspirated,1800.0,1.8,,,,,,,,,,,,,,epa_verified
M272,M272,base,M272,Other,M,Naturally Aspirated,1600.0,1.6,,,,,,,,,,,,,,epa_verified
M271,M271,base,M271,Other,M,Naturally Aspirated,1600.0,1.6,,,,,,,,,,,,,,epa_verified
VQ35HR,VQ35HR,base,VQ35HR,Other,VQ,Naturally Aspirated,3500.0,3.5,,,,,,,,,,,,,,epa_verified
VQ35DE,VQ35DE,base,VQ35DE,Other,VQ,Naturally Aspirated,3500.0,3.5,,,,,,,,,,,,,,epa_verified
Chevrolet small-block engine (first- and second-generation) (5.4L),Chevrolet small-block engine (first- and second-generation),5.4L,Chevrolet,American,SMALL,Naturally Aspirated,5400.0,5.4,,,88.9,76.2,,,,90V8,OHV2 valves  cyl.DOHC4 valves cyl. (LT5),"Carburetor,fuel injection","Cast iron,aluminum","Cast iron, aluminum",19542003Flint North(engine block and heads)Saginaw Metal Casting Operations,epa_verified
Chevrolet small-block engine (first- and second-generation) (5.0L),Chevrolet small-block engine (first- and second-generation),5.0L,Chevrolet,American,SMALL,Naturally Aspirated,5000.0,5.0,,,88.9,76.2,,,,90V8,OHV2 valves  cyl.DOHC4 valves cyl. (LT5),"Carburetor,fuel injection","Cast iron,aluminum","Cast iron, aluminum",19542003Flint North(engine block and heads)Saginaw Metal Casting Operations,epa_verified
Mercedes-Benz M260/M264 engine (1.5L),Mercedes-Benz M260/M264 engine,1.5L,Mercedes-Benz,European,M,Naturally Aspirated,1500.0,1.5,,,,,,,,Inline-four engine,DOHC4 valvesx cyl. withVVT,Direct injection,Aluminium alloy,Aluminium alloy,2017present,epa_verified
Mercedes-Benz M176/M177/M178 engine,Mercedes-Benz M176/M177/M178 engine,base,Mercedes-Benz,European,M,Naturally Aspirated,3982.0,4.0,,,,,,,,90V8,DOHC4 valvesx cyl.,Direct injection,"Cast-aluminium, closed deck",,2014present,epa_verified
Mercedes-Benz M156 engine,Mercedes-Benz M156 engine,base,Mercedes-Benz,European,M,Naturally Aspirated,6208.0,6.2,,,,,,,,Naturally aspirated90V8,DOHC4 valvesx cyl.,Sequential port injection,,,20052015 (M156)2009present (M159),epa_verified
Mercedes-Benz M113 engine (5.4L),Mercedes-Benz M113 engine,5.4L,Mercedes-Benz,European,M,Naturally Aspirated,5400.0,5.4,,,,,,,,90V8,SOHC3 valvesx cyl.,Sequential fuel injection,Aluminium,Aluminium,19972011,epa_verified
Mercedes-Benz M113 engine (5.0L),Mercedes-Benz M113 engine,5.0L,Mercedes-Benz,European,M,Naturally Aspirated,5000.0,5.0,,,,,,,,90V8,SOHC3 valvesx cyl.,Sequential fuel injection,Aluminium,Aluminium,19972011,epa_verified
Mercedes-Benz M113 engine (4.3L),Mercedes-Benz M113 engine,4.3L,Mercedes-Benz,European,M,Naturally Aspirated,4300.0,4.3,,,,,,,,90V8,SOHC3 valvesx cyl.,Sequential fuel injection,Aluminium,Aluminium,19972011,epa_verified
Mercedes-AMG M158,Mercedes-AMG M158,base,Mercedes-AMG,Other,M,Naturally Aspirated,6000.0,6.0,,,,,,,,,,,,,,epa_verified
McLaren M840T engine,McLaren M840T engine,base,McLaren,European,M,Turbocharged,3994.0,4.0,,,,,,,,90flat-plane V8,"32-valve (4 valves x cyl.),DOHC",Multi-point electronicindirect fuel injection,,,2017-present,epa_verified
McLaren 570S,McLaren 570S,base,McLaren,European,570S,Naturally Aspirated,3800.0,3.8,764.4,,,,,,201.2,"Rear mid-engine, rear-wheel drive",,,,,20152021,epa_verified
M73B54,M73B54,base,M73B54,Other,M,Naturally Aspirated,2800.0,2.8,,,,,,,,,,,,,,epa_verified
M67,M67,base,M67,Other,M,Naturally Aspirated,2800.0,2.8,,,,,,,,,,,,,,epa_verified
M62B44,M62B44,base,M62B44,Other,M,Naturally Aspirated,4398.0,4.4,,,,,,,,,,,,,,epa_verified
M62B35,M62B35,base,M62B35,Other,M,Naturally Aspirated,4398.0,4.4,,,,,,,,,,,,,,epa_verified
M60B40,M60B40,base,M60B40,Other,M,Naturally Aspirated,2800.0,2.8,,,,,,,,,,,,,,epa_verified
M60B30,M60B30,base,M60B30,Other,M,Naturally Aspirated,2800.0,2.8,,,,,,,,,,,,,,epa_verified
M57,M57,base,M57,Other,M,Naturally Aspirated,2800.0,2.8,,,,,,,,,,,,,,epa_verified
Subaru EJ engine (2.0L),Subaru EJ engine,2.0L,Subaru,JDM,EJ,Naturally Aspirated,2000.0,2.0,,,,,,,,Flat-four,DOHC/SOHC4 valvesx cyl. withAVCSorAVLS(some versions),"Carburetor,Fuel injection",EJ205,,19882021 (EJ20),epa_verified
WR16,WR16,base,WR16,Other,WR,Naturally Aspirated,8000.0,8.0,,,,,,,,,,,,,,epa_verified
SR20DET,SR20DET,base,SR20DET,Other,SR,Turbocharged,1800.0,1.8,,,,,,,,,,,,,,epa_verified
SR20DE,SR20DE,base,SR20DE,Other,SR,Naturally Aspirated,1800.0,1.8,,,,,,,,,,,,,,epa_verified
S63,S63,base,S63,Other,S,Naturally Aspirated,4400.0,4.4,,,,,,,,,,,,,,epa_verified
S62,S62,base,S62,Other,S,Naturally Aspirated,2800.0,2.8,,,,,,,,,,,,,,epa_verified
S54,S54,base,S54,Other,S,Naturally Aspirated,2000.0,2.0,,,,,,,,,,,,,,epa_verified
Mercedes-Benz M275 engine (5.5L),Mercedes-Benz M275 engine,5.5L,Mercedes-Benz,European,M,Turbocharged,5500.0,5.5,,,,,,,,60V12,SOHC3 valvesper cyl.,Fuel injection,Aluminium,Aluminium,20022015,epa_verified
Mercedes-Benz M273 engine (5.5L),Mercedes-Benz M273 engine,5.5L,Mercedes-Benz,European,M,Naturally Aspirated,5500.0,5.5,,,,,,,,Naturally aspirated90V8,DOHC4 valves x cyl.and continuousVVT,Sequential port injection,Aluminium,Aluminium,20052013,epa_verified
Mercedes-Benz M273 engine (4.7L),Mercedes-Benz M273 engine,4.7L,Mercedes-Benz,European,M,Naturally Aspirated,4700.0,4.7,,,,,,,,Naturally aspirated90V8,DOHC4 valves x cyl.and continuousVVT,Sequential port injection,Aluminium,Aluminium,20052013,epa_verified
Mercedes-Benz M272 engine (3.5L),Mercedes-Benz M272 engine,3.5L,Mercedes-Benz,European,M,Naturally Aspirated,3500.0,3.5,,,,,,,,Naturally aspirated90V6,DOHC4 valves x cyl.with continuousVVT,port injectionordirect injection (CGI),Aluminum,Aluminum,20042017,epa_verified
Mercedes-Benz M272 engine (3.0L),Mercedes-Benz M272 engine,3.0L,Mercedes-Benz,European,M,Naturally Aspirated,3000.0,3.0,,,,,,,,Naturally aspirated90V6,DOHC4 valves x cyl.with continuousVVT,port injectionordirect injection (CGI),Aluminum,Aluminum,20042017,epa_verified
Mercedes-Benz M272 engine (2.5L),Mercedes-Benz M272 engine,2.5L,Mercedes-Benz,European,M,Naturally Aspirated,2500.0,2.5,,,,,,,,Naturally aspirated90V6,DOHC4 valves x cyl.with continuousVVT,port injectionordirect injection (CGI),Aluminum,Aluminum,20042017,epa_verified
Mercedes-Benz M271 engine (1.8L),Mercedes-Benz M271 engine,1.8L,Mercedes-Benz,European,M,Naturally Aspirated,1800.0,1.8,,,,,,,,Straight-4,DOHC4 valves x cyl.andVVT,Sequential fuel injectionDirect injection,Cast aluminium,Aluminium,20022015,epa_verified
Mercedes-Benz M271 engine (1.6L),Mercedes-Benz M271 engine,1.6L,Mercedes-Benz,European,M,Naturally Aspirated,1600.0,1.6,,,,,,,,Straight-4,DOHC4 valves x cyl.andVVT,Sequential fuel injectionDirect injection,Cast aluminium,Aluminium,20022015,epa_verified
Mitsubishi 4B1 engine (2.0L),Mitsubishi 4B1 engine,2.0L,Mitsubishi,JDM,4B1,Naturally Aspirated,2000.0,2.0,187.7,,,,,,93.8,Inline-four,"Direct actingDOHC,16 valves, continuously variableMIVECintake and exhaust valve timing",Fuel injection,Aluminiumdie cast,Aluminium die cast,2007present,epa_verified
Mercedes-Benz OM651 engine (1.8L),Mercedes-Benz OM651 engine,1.8L,Mercedes-Benz,European,OM,Turbocharged,1800.0,1.8,,,,,,,,Inline-4,"DOHC, chain-driven and gears",Common rail,Cast iron,Aluminium alloy,2008present,epa_verified
Mercedes-Benz OM646 engine,Mercedes-Benz OM646 engine,base,Mercedes-Benz,European,OM,Naturally Aspirated,2148.0,2.1,,,,,,,,Inline-four engine,DOHC,Common rail,Cast iron,Aluminium alloy,20022010,epa_verified
N47,N47,base,N47,Other,N,Naturally Aspirated,2000.0,2.0,,,,,,,,,,,,,,epa_verified
N46,N46,base,N46,Other,N,Naturally Aspirated,2000.0,2.0,,,,,,,,,,,,,,epa_verified
N45,N45,base,N45,Other,N,Naturally Aspirated,2000.0,2.0,,,,,,,,,,,,,,epa_verified
Mercedes-Benz M278 engine (5.5L),Mercedes-Benz M278 engine,5.5L,Mercedes-Benz,European,M,Turbocharged,5500.0,5.5,,,,,,,,90V8,DOHC4 valvesx cyl. withVVT,Direct injection,Aluminium,,20102020,epa_verified
Mercedes-Benz M278 engine (4.7L),Mercedes-Benz M278 engine,4.7L,Mercedes-Benz,European,M,Turbocharged,4700.0,4.7,,,,,,,,90V8,DOHC4 valvesx cyl. withVVT,Direct injection,Aluminium,,20102020,epa_verified
Mercedes-Benz M276 engine,Mercedes-Benz M276 engine,base,Mercedes-Benz,European,M,Turbocharged,3498.0,3.5,,,,,,,,Naturally aspirated60V6,DOHCwithVVT,Direct injected,Aluminum,Aluminum,20102018,epa_verified
Mercedes-Benz M275 engine (6.0L),Mercedes-Benz M275 engine,6.0L,Mercedes-Benz,European,M,Turbocharged,6000.0,6.0,,,,,,,,60V12,SOHC3 valvesper cyl.,Fuel injection,Aluminium,Aluminium,20022015,epa_verified
Tipo F140 B,Tipo F140 B,base,Tipo,Other,F,Naturally Aspirated,6000.0,6.0,,,,,,,,,,,,,,epa_verified
Tipo F130B,Tipo F130B,base,Tipo,Other,F,Naturally Aspirated,4700.0,4.7,,,,,,,,,,,,,,epa_verified
Tipo F120A/F120D,Tipo F120A/F120D,base,Tipo,Other,F,Naturally Aspirated,2900.0,2.9,,,,,,,,,,,,,,epa_verified
Subaru FA engine (2.4L),Subaru FA engine,2.4L,Subaru,JDM,FA,Naturally Aspirated,2400.0,2.4,,,,,,,,Petrol/gasoline,DOHC4 valves x cyl.withAVCS,"Fuel injection,Direct injection",,,2012present,epa_verified
Subaru FA engine (2.0L),Subaru FA engine,2.0L,Subaru,JDM,FA,Naturally Aspirated,2000.0,2.0,,,,,,,,Petrol/gasoline,DOHC4 valves x cyl.withAVCS,"Fuel injection,Direct injection",,,2012present,epa_verified
Subaru EJ engine (2.5L),Subaru EJ engine,2.5L,Subaru,JDM,EJ,Naturally Aspirated,2500.0,2.5,,,,,,,,Flat-four,DOHC/SOHC4 valvesx cyl. withAVCSorAVLS(some versions),"Carburetor,Fuel injection",EJ205,,19882021 (EJ20),epa_verified
Subaru EJ engine (2.2L),Subaru EJ engine,2.2L,Subaru,JDM,EJ,Naturally Aspirated,2200.0,2.2,,,,,,,,Flat-four,DOHC/SOHC4 valvesx cyl. withAVCSorAVLS(some versions),"Carburetor,Fuel injection",EJ205,,19882021 (EJ20),epa_verified
OM651,OM651,base,OM651,Other,OM,Naturally Aspirated,2143.0,2.1,,,,,,,,,,,,,,epa_verified
OM646,OM646,base,OM646,Other,OM,Naturally Aspirated,2148.0,2.1,,,,,,,,,,,,,,epa_verified
Toyota UR engine (5.7L),Toyota UR engine,5.7L,Toyota,JDM,UR,Naturally Aspirated,5700.0,5.7,,,,,,,,90V8,DOHC4 valves x cyl.w/VVT-i,D-4S direct injection,Die-castaluminum,Aluminum,2006present,epa_verified
Toyota UR engine (5.0L),Toyota UR engine,5.0L,Toyota,JDM,UR,Naturally Aspirated,5000.0,5.0,,,,,,,,90V8,DOHC4 valves x cyl.w/VVT-i,D-4S direct injection,Die-castaluminum,Aluminum,2006present,epa_verified
Northstar engine series (4.4L),Northstar engine series,4.4L,Northstar,Other,ENGINE,Naturally Aspirated,4400.0,4.4,,,,,,,,90V8/V6,DOHC4 valves x cyl.(withVVTon some variants),AC RochesterSequential FI,Aluminum,Aluminum,19922011,epa_verified
Northstar engine series (4.0L),Northstar engine series,4.0L,Northstar,Other,ENGINE,Naturally Aspirated,4000.0,4.0,,,,,,,,90V8/V6,DOHC4 valves x cyl.(withVVTon some variants),AC RochesterSequential FI,Aluminum,Aluminum,19922011,epa_verified
Northstar engine series (3.5L),Northstar engine series,3.5L,Northstar,Other,ENGINE,Naturally Aspirated,3500.0,3.5,,,,,,,,90V8/V6,DOHC4 valves x cyl.(withVVTon some variants),AC RochesterSequential FI,Aluminum,Aluminum,19922011,epa_verified
Nissan VR engine (3.8L),Nissan VR engine,3.8L,Nissan,JDM,VR,Turbocharged,3800.0,3.8,,,,,,,,60V6,"DOHC,4 valvespercylinder",Multi-point(VR38DETT)/Direct injection(VR30DDTT/VR35DDTT),Aluminum,Aluminum,2007present,epa_verified
Nissan VR engine (3.5L),Nissan VR engine,3.5L,Nissan,JDM,VR,Turbocharged,3500.0,3.5,,,,,,,,60V6,"DOHC,4 valvespercylinder",Multi-point(VR38DETT)/Direct injection(VR30DDTT/VR35DDTT),Aluminum,Aluminum,2007present,epa_verified
Mitsubishi 4B1 engine (2.4L),Mitsubishi 4B1 engine,2.4L,Mitsubishi,JDM,4B1,Naturally Aspirated,2400.0,2.4,187.7,,,,,,78.2,Inline-four,"Direct actingDOHC,16 valves, continuously variableMIVECintake and exhaust valve timing",Fuel injection,Aluminiumdie cast,Aluminium die cast,2007present,epa_verified
Nissan SR engine (1.6L),Nissan SR engine,1.6L,Nissan,JDM,SR,Naturally Aspirated,1600.0,1.6,150.0,,,,,,93.8,Inline-four engine,DOHC4 valvesx cyl. withVVT(some versions),Fuel injection,Aluminum,Aluminum,19872007,epa_verified
Nissan RB engine (3.0L),Nissan RB engine,3.0L,Nissan,JDM,RB,Naturally Aspirated,3000.0,3.0,,,,,,,,Straight-six,SOHC2 valves x cyl.DOHC4 valves x cyl.withNVCS,CarburetorElectronic Fuel injection,Cast iron,Aluminium,198520042019present (new production; RB26),epa_verified
Nissan RB engine (2.8L),Nissan RB engine,2.8L,Nissan,JDM,RB,Naturally Aspirated,2800.0,2.8,,,,,,,,Straight-six,SOHC2 valves x cyl.DOHC4 valves x cyl.withNVCS,CarburetorElectronic Fuel injection,Cast iron,Aluminium,198520042019present (new production; RB26),epa_verified
Mitsubishi 4B1 engine (1.8L),Mitsubishi 4B1 engine,1.8L,Mitsubishi,JDM,4B1,Naturally Aspirated,1800.0,1.8,187.7,,,,,,104.3,Inline-four,"Direct actingDOHC,16 valves, continuously variableMIVECintake and exhaust valve timing",Fuel injection,Aluminiumdie cast,Aluminium die cast,2007present,epa_verified
Mercedes-Benz OM656 engine,Mercedes-Benz OM656 engine,base,Mercedes-Benz,European,OM,Naturally Aspirated,2900.0,2.9,,,,,,,,Straight-six engine,DOHC4 valvesx cyl. withVVL - CAMTRONIC,Common raildirect injection,Aluminium alloy,Aluminium alloy,2017present,epa_verified
Mercedes-Benz OM651 engine (2.1L),Mercedes-Benz OM651 engine,2.1L,Mercedes-Benz,European,OM,Turbocharged,2100.0,2.1,,,,,,,,Inline-4,"DOHC, chain-driven and gears",Common rail,Cast iron,Aluminium alloy,2008present,epa_verified
N55,N55,base,N55,Other,N,Naturally Aspirated,2000.0,2.0,,,,,,,,,,,,,,epa_verified
N54,N54,base,N54,Other,N,Naturally Aspirated,2000.0,2.0,,,,,,,,,,,,,,epa_verified
N52,N52,base,N52,Other,N,Naturally Aspirated,2000.0,2.0,,,,,,,,,,,,,,epa_verified
OM642,OM642,base,OM642,Other,OM,Naturally Aspirated,2987.0,3.0,,,,,,,,,,,,,,epa_verified
OM626,OM626,base,OM626,Other,OM,Naturally Aspirated,4398.0,4.4,,,,,,,,,,,,,,epa_verified
Northstar engine series (4.6L),Northstar engine series,4.6L,Northstar,Other,ENGINE,Naturally Aspirated,4600.0,4.6,,,,,,,,90V8/V6,DOHC4 valves x cyl.(withVVTon some variants),AC RochesterSequential FI,Aluminum,Aluminum,19922011,epa_verified
N43,N43,base,N43,Other,N,Naturally Aspirated,2000.0,2.0,,,,,,,,,,,,,,epa_verified
Mitsubishi Sirius engine (2.4L),Mitsubishi Sirius engine,2.4L,Mitsubishi,JDM,SIRIUS,Naturally Aspirated,2400.0,2.4,,,,,,,,Inline-four,"SOHC&DOHC, 2 &4 valvesx cyl. withMIVECon some versions","Carburetor,Fuel injection",Cast iron,Aluminium,19802013 (4G6 & 4D6 Series)1980present (4K Series: China),epa_verified
Mitsubishi Sirius engine (2.0L),Mitsubishi Sirius engine,2.0L,Mitsubishi,JDM,SIRIUS,Naturally Aspirated,2000.0,2.0,,,,,,,,Inline-four,"SOHC&DOHC, 2 &4 valvesx cyl. withMIVECon some versions","Carburetor,Fuel injection",Cast iron,Aluminium,19802013 (4G6 & 4D6 Series)1980present (4K Series: China),epa_verified
Mitsubishi Sirius engine (1.8L),Mitsubishi Sirius engine,1.8L,Mitsubishi,JDM,SIRIUS,Naturally Aspirated,1800.0,1.8,,,,,,,,Inline-four,"SOHC&DOHC, 2 &4 valvesx cyl. withMIVECon some versions","Carburetor,Fuel injection",Cast iron,Aluminium,19802013 (4G6 & 4D6 Series)1980present (4K Series: China),epa_verified
Mitsubishi Sirius engine (1.6L),Mitsubishi Sirius engine,1.6L,Mitsubishi,JDM,SIRIUS,Naturally Aspirated,1600.0,1.6,,,,,,,,Inline-four,"SOHC&DOHC, 2 &4 valvesx cyl. withMIVECon some versions","Carburetor,Fuel injection",Cast iron,Aluminium,19802013 (4G6 & 4D6 Series)1980present (4K Series: China),epa_verified
Renault R-Type engine (1.7L),Renault R-Type engine,1.7L,Renault,European,R,Naturally Aspirated,1700.0,1.7,,,,,,,,I4,DOHC/4 valves x cyl.(R9M)SOHC/2 valves x cyl.(R9N),Common railDirect Injection,,,2011present,epa_verified
Renault R-Type engine (1.6L),Renault R-Type engine,1.6L,Renault,European,R,Naturally Aspirated,1600.0,1.6,,,,,,,,I4,DOHC/4 valves x cyl.(R9M)SOHC/2 valves x cyl.(R9N),Common railDirect Injection,,,2011present,epa_verified
Porsche 911 (996),Porsche 911 (996),base,Porsche,European,911,Naturally Aspirated,3400.0,3.4,,,,,,,,"Rear-engine, rear-wheel drive/Rear-engine, all-wheel drive",,,,,"July 17, 19972004 (2005 and 2006 for 911 Turbo S, GT2 and GT3 models only)",epa_verified
OM656,OM656,base,OM656,Other,OM,Naturally Aspirated,2000.0,2.0,,,,,,,,,,,,,,epa_verified
OM654,OM654,base,OM654,Other,OM,Naturally Aspirated,1500.0,1.5,,,,,,,,,,,,,,epa_verified
BMW N46 (2.0L),BMW N46,2.0L,BMW,European,N,Naturally Aspirated,2000.0,2.0,,,,,,,,Inline-4,"DOHC, withVVT&VVL",,Aluminium,Aluminium,2004-2015,epa_verified
BMW N46 (1.8L),BMW N46,1.8L,BMW,European,N,Naturally Aspirated,1800.0,1.8,,,,,,,,Inline-4,"DOHC, withVVT&VVL",,Aluminium,Aluminium,2004-2015,epa_verified
BMW N45 (2.0L),BMW N45,2.0L,BMW,European,N,Naturally Aspirated,2000.0,2.0,,,,,,,,Inline-4,"DOHC, withVVT",,Aluminium,Aluminium,2004-2011,epa_verified
BMW N45 (1.6L),BMW N45,1.6L,BMW,European,N,Naturally Aspirated,1600.0,1.6,,,,,,,,Inline-4,"DOHC, withVVT",,Aluminium,Aluminium,2004-2011,epa_verified
Nissan VR engine (3.0L),Nissan VR engine,3.0L,Nissan,JDM,VR,Turbocharged,3000.0,3.0,,,,,,,,60V6,"DOHC,4 valvespercylinder",Multi-point(VR38DETT)/Direct injection(VR30DDTT/VR35DDTT),Aluminum,Aluminum,2007present,epa_verified
Nissan VQ engine,Nissan VQ engine,base,Nissan,JDM,VQ,Naturally Aspirated,2000.0,2.0,,24.1,85.0,,,,,60V6,DOHC4 valvesx cyl. withVVT,,Aluminium,Aluminium,1994present,epa_verified
Nissan SR engine (2.0L),Nissan SR engine,2.0L,Nissan,JDM,SR,Naturally Aspirated,2000.0,2.0,150.0,,,,,,75.0,Inline-four engine,DOHC4 valvesx cyl. withVVT(some versions),Fuel injection,Aluminum,Aluminum,19872007,epa_verified
Nissan SR engine (1.8L),Nissan SR engine,1.8L,Nissan,JDM,SR,Naturally Aspirated,1800.0,1.8,150.0,,,,,,83.3,Inline-four engine,DOHC4 valvesx cyl. withVVT(some versions),Fuel injection,Aluminum,Aluminum,19872007,epa_verified
Subaru EJ engine (1.8L),Subaru EJ engine,1.8L,Subaru,JDM,EJ,Naturally Aspirated,1800.0,1.8,,,,,,,,Flat-four,DOHC/SOHC4 valvesx cyl. withAVCSorAVLS(some versions),"Carburetor,Fuel injection",EJ205,,19882021 (EJ20),epa_verified
Subaru EJ engine (1.6L),Subaru EJ engine,1.6L,Subaru,JDM,EJ,Naturally Aspirated,1600.0,1.6,,,,,,,,Flat-four,DOHC/SOHC4 valvesx cyl. withAVCSorAVLS(some versions),"Carburetor,Fuel injection",EJ205,,19882021 (EJ20),epa_verified
Subaru EJ engine (1.5L),Subaru EJ engine,1.5L,Subaru,JDM,EJ,Naturally Aspirated,1500.0,1.5,,,,,,,,Flat-four,DOHC/SOHC4 valvesx cyl. withAVCSorAVLS(some versions),"Carburetor,Fuel injection",EJ205,,19882021 (EJ20),epa_verified
Nissan RB engine (2.6L),Nissan RB engine,2.6L,Nissan,JDM,RB,Naturally Aspirated,2600.0,2.6,,,,,,,,Straight-six,SOHC2 valves x cyl.DOHC4 valves x cyl.withNVCS,CarburetorElectronic Fuel injection,Cast iron,Aluminium,198520042019present (new production; RB26),epa_verified
Nissan RB engine (2.5L),Nissan RB engine,2.5L,Nissan,JDM,RB,Naturally Aspirated,2500.0,2.5,,,,,,,,Straight-six,SOHC2 valves x cyl.DOHC4 valves x cyl.withNVCS,CarburetorElectronic Fuel injection,Cast iron,Aluminium,198520042019present (new production; RB26),epa_verified
Nissan RB engine (2.4L),Nissan RB engine,2.4L,Nissan,JDM,RB,Naturally Aspirated,2400.0,2.4,,,,,,,,Straight-six,SOHC2 valves x cyl.DOHC4 valves x cyl.withNVCS,CarburetorElectronic Fuel injection,Cast iron,Aluminium,198520042019present (new production; RB26),epa_verified
Nissan RB engine (2.0L),Nissan RB engine,2.0L,Nissan,JDM,RB,Naturally Aspirated,2000.0,2.0,,,,,,,,Straight-six,SOHC2 valves x cyl.DOHC4 valves x cyl.withNVCS,CarburetorElectronic Fuel injection,Cast iron,Aluminium,198520042019present (new production; RB26),epa_verified
Nissan 180SX,Nissan 180SX,base,Nissan,JDM,180SX,Naturally Aspirated,1800.0,1.8,234.7,305.1,,,,,130.4,FR,DOHC 16 valve,,,,19891998,epa_verified
Chevrolet small-block engine (first- and second-generation) (5.7L),Chevrolet small-block engine (first- and second-generation),5.7L,Chevrolet,American,SMALL,Naturally Aspirated,5700.0,5.7,,,88.9,76.2,,,,90V8,OHV2 valves  cyl.DOHC4 valves cyl. (LT5),"Carburetor,fuel injection","Cast iron,aluminum","Cast iron, aluminum",19542003Flint North(engine block and heads)Saginaw Metal Casting Operations,epa_verified
Ferrari F154 engine (3.8L),Ferrari F154 engine,3.8L,Ferrari,European,F,Turbocharged,3800.0,3.8,,,,,,,,90V8,"DOHC, 32-valve",Gasoline direct injection,Aluminium,Aluminium,2013present,epa_verified
Ferrari F140 engine (6.5L),Ferrari F140 engine,6.5L,Ferrari,European,F,Naturally Aspirated,6500.0,6.5,,,,,,,,65V12,DOHC,Fuel injectionDirect fuel injection,Aluminium,Aluminium,2002present,epa_verified
Buick V6 engine (4.1L),Buick V6 engine,4.1L,Buick,American,V,Naturally Aspirated,4100.0,4.1,,,88.9,67.6,,,,90V6,OHV2 valves  cyl.,RochestercarburetorMulti-port fuel injectionSequential fuel injection,Cast iron,Cast iron,19612008,epa_verified
Buick V6 engine (3.8L),Buick V6 engine,3.8L,Buick,American,V,Naturally Aspirated,3800.0,3.8,,,88.9,67.6,,,,90V6,OHV2 valves  cyl.,RochestercarburetorMulti-port fuel injectionSequential fuel injection,Cast iron,Cast iron,19612008,epa_verified
Buick V6 engine (3.7L),Buick V6 engine,3.7L,Buick,American,V,Naturally Aspirated,3700.0,3.7,,,88.9,67.6,,,,90V6,OHV2 valves  cyl.,RochestercarburetorMulti-port fuel injectionSequential fuel injection,Cast iron,Cast iron,19612008,epa_verified
Buick V6 engine (3.3L),Buick V6 engine,3.3L,Buick,American,V,Naturally Aspirated,3300.0,3.3,,,88.9,67.6,,,,90V6,OHV2 valves  cyl.,RochestercarburetorMulti-port fuel injectionSequential fuel injection,Cast iron,Cast iron,19612008,epa_verified
Buick V6 engine (3.2L),Buick V6 engine,3.2L,Buick,American,V,Naturally Aspirated,3200.0,3.2,,,88.9,67.6,,,,90V6,OHV2 valves  cyl.,RochestercarburetorMulti-port fuel injectionSequential fuel injection,Cast iron,Cast iron,19612008,epa_verified
Ferrari F136 engine (4.2L),Ferrari F136 engine,4.2L,Ferrari,European,F,Naturally Aspirated,4200.0,4.2,,,,,,,,"90V8; 180 flat-plane crankshaft (Ferrari) / 90 cross-plane crankshaft (Maserati, Alfa Romeo)","DOHC, 32-valve",Direct injectionMulti-port injection,,,20012020,epa_verified
Ferrari F136 F,Ferrari F136 F,base,Ferrari,European,F,Naturally Aspirated,4500.0,4.5,,,,,,,,,,,,,,epa_verified
Ferrari Colombo engine (4.9L),Ferrari Colombo engine,4.9L,Ferrari,European,COLOMBO,Naturally Aspirated,4900.0,4.9,,,,,,,,60V12,"SOHC, 24-valveDOHC, 24-valve",Weber carburetorBoschK-JetronicFI,Aluminium,Aluminium,19471988,epa_verified
Ferrari Colombo engine (4.8L),Ferrari Colombo engine,4.8L,Ferrari,European,COLOMBO,Naturally Aspirated,4800.0,4.8,,,,,,,,60V12,"SOHC, 24-valveDOHC, 24-valve",Weber carburetorBoschK-JetronicFI,Aluminium,Aluminium,19471988,epa_verified
Ferrari Colombo engine (4.4L),Ferrari Colombo engine,4.4L,Ferrari,European,COLOMBO,Naturally Aspirated,4400.0,4.4,,,,,,,,60V12,"SOHC, 24-valveDOHC, 24-valve",Weber carburetorBoschK-JetronicFI,Aluminium,Aluminium,19471988,epa_verified
Ferrari Colombo engine (4.0L),Ferrari Colombo engine,4.0L,Ferrari,European,COLOMBO,Naturally Aspirated,4000.0,4.0,,,,,,,,60V12,"SOHC, 24-valveDOHC, 24-valve",Weber carburetorBoschK-JetronicFI,Aluminium,Aluminium,19471988,epa_verified
Ferrari Colombo engine (3.3L),Ferrari Colombo engine,3.3L,Ferrari,European,COLOMBO,Naturally Aspirated,3300.0,3.3,,,,,,,,60V12,"SOHC, 24-valveDOHC, 24-valve",Weber carburetorBoschK-JetronicFI,Aluminium,Aluminium,19471988,epa_verified
Ferrari Colombo engine (3.0L),Ferrari Colombo engine,3.0L,Ferrari,European,COLOMBO,Naturally Aspirated,3000.0,3.0,,,,,,,,60V12,"SOHC, 24-valveDOHC, 24-valve",Weber carburetorBoschK-JetronicFI,Aluminium,Aluminium,19471988,epa_verified
BMW M54 (2.5L),BMW M54,2.5L,BMW,European,M,Naturally Aspirated,2500.0,2.5,,,,,,,,Straight-6,DOHCw/VVT,,Aluminium,Aluminium,20002006,epa_verified
BMW M54 (2.2L),BMW M54,2.2L,BMW,European,M,Naturally Aspirated,2200.0,2.2,,,,,,,,Straight-6,DOHCw/VVT,,Aluminium,Aluminium,20002006,epa_verified
BMW B58B30O1,BMW B58B30O1,base,BMW,European,B,Naturally Aspirated,2998.0,3.0,,,,,,,,,,,,,,epa_verified
5.2 L odd-firing V10,5.2 L odd-firing V10,base,5.2,Other,L,Naturally Aspirated,5200.0,5.2,,,,,,,,,,,,,,epa_verified
4G63T,4G63T,base,4G63T,Other,4G63T,Turbocharged,2000.0,2.0,,,,,,,,,,,,,,epa_verified
4B11T,4B11T,base,4B11T,Other,4B11T,Turbocharged,2000.0,2.0,,,,,,,,,,,,,,epa_verified
4.8 L 1LR-GUE even-firing V10,4.8 L 1LR-GUE even-firing V10,base,4.8,Other,L,Naturally Aspirated,4800.0,4.8,,,,,,,,,,,,,,epa_verified
BMW B58B30M1,BMW B58B30M1,base,BMW,European,B,Naturally Aspirated,2998.0,3.0,,,,,,,,,,,,,,epa_verified
BMW M60 (4.6L),BMW M60,4.6L,BMW,European,M,Naturally Aspirated,4600.0,4.6,,,,,,,,90V8,DOHC,Normally aspirated,Aluminum,Aluminum,19921996,epa_verified
BMW M52,BMW M52,base,BMW,European,M,Naturally Aspirated,,,,,,,,,,Straight-6,"DOHC, withVVT",,Aluminium /cast iron,Aluminium,19942000,wikipedia_single
Ekspress-AM11,Ekspress-AM11,base,Ekspress-AM11,Other,EKSPRESS,Naturally Aspirated,,,,,,,,,,Communications,,,,,,wikipedia_single
Chrysler LA engine,Chrysler LA engine,base,Chrysler,American,LA,Naturally Aspirated,63.9,0.1,,,,,,,,Naturally aspirated90V6Naturally aspirated90V8Naturally aspirated90V10,OHV2 valves per cylinder,CarburetorThrottle-body fuel injectionMulti-point fuel injection(V6 only)Sequential fuel injection(V6 only),Cast iron,Cast iron,19642003,wikipedia_single
Nissan SR20DET (247hp),Nissan SR20DET,247hp,Nissan,JDM,SR,Turbocharged,,,247.0,,,,,,,Straight-four,DOHC4 valvesx cyl.,Electronic fuel injection,Aluminum,Aluminum,19892002,wikipedia_single
Nissan SR20DET (201hp),Nissan SR20DET,201hp,Nissan,JDM,SR,Turbocharged,,,201.0,,,,,,,Straight-four,DOHC4 valvesx cyl.,Electronic fuel injection,Aluminum,Aluminum,19892002,wikipedia_single
Nissan SR engine (316hp),Nissan SR engine,316hp,Nissan,JDM,SR,Naturally Aspirated,,,316.0,,,,,,,Inline-four engine,DOHC4 valvesx cyl. withVVT(some versions),Fuel injection,Aluminum,Aluminum,19872007,wikipedia_single
Nissan SR engine (108hp),Nissan SR engine,108hp,Nissan,JDM,SR,Naturally Aspirated,,,108.0,,,,,,,Inline-four engine,DOHC4 valvesx cyl. withVVT(some versions),Fuel injection,Aluminum,Aluminum,19872007,wikipedia_single
Nissan KA engine (2.4L),Nissan KA engine,2.4L,Nissan,JDM,KA,Naturally Aspirated,,,1992.0,,,,,,,Naturally aspiratedInline-4,SOHC2- or3 valves x cyl.(1988-1997)DOHC4 valves x cyl.(1991-2016),Sequential electronic FI,Cast iron,Aluminum,19882021,wikipedia_single
Nissan KA engine (2.0L),Nissan KA engine,2.0L,Nissan,JDM,KA,Naturally Aspirated,,,1992.0,,,,,,,Naturally aspiratedInline-4,SOHC2- or3 valves x cyl.(1988-1997)DOHC4 valves x cyl.(1991-2016),Sequential electronic FI,Cast iron,Aluminum,19882021,wikipedia_single
Nissan KA engine (155hp),Nissan KA engine,155hp,Nissan,JDM,KA,Naturally Aspirated,,,155.0,,,,,,,Naturally aspiratedInline-4,SOHC2- or3 valves x cyl.(1988-1997)DOHC4 valves x cyl.(1991-2016),Sequential electronic FI,Cast iron,Aluminum,19882021,wikipedia_single
Nissan KA engine (143hp),Nissan KA engine,143hp,Nissan,JDM,KA,Naturally Aspirated,,,143.0,,,,,,,Naturally aspiratedInline-4,SOHC2- or3 valves x cyl.(1988-1997)DOHC4 valves x cyl.(1991-2016),Sequential electronic FI,Cast iron,Aluminum,19882021,wikipedia_single
Nissan KA engine (134hp),Nissan KA engine,134hp,Nissan,JDM,KA,Naturally Aspirated,,,134.0,,,,,,,Naturally aspiratedInline-4,SOHC2- or3 valves x cyl.(1988-1997)DOHC4 valves x cyl.(1991-2016),Sequential electronic FI,Cast iron,Aluminum,19882021,wikipedia_single
Porsche flat-six engine,Porsche flat-six engine,base,Porsche,European,FLAT,Naturally Aspirated,,,,,,,,,,Flat-6,"12-valve or 24-valve,SOHC/DOHC, two-valves per cylinder or four-valves per cylinder",Mechanical fuel injectionCarburetorDirect fuel injection,,,1963present,wikipedia_single
USSChara,USSChara,base,USSChara,Other,USSCHARA,Naturally Aspirated,,,,,,,,,,Andromeda-classattack cargo ship,,,,,,wikipedia_single
Mitsubishi 6G7 engine,Mitsubishi 6G7 engine,base,Mitsubishi,JDM,6G7,Naturally Aspirated,,,,,,,,,,60V6,SOHC2 & 4 valves  cyl.DOHC4 valves  cyl.withMIVEC(on some versions),Multi-port fuel injectionDirect injection,,,19862021,wikipedia_single
Mitsubishi 4B1 engine (440hp),Mitsubishi 4B1 engine,440hp,Mitsubishi,JDM,4B1,Naturally Aspirated,,,440.0,,,,,,,Inline-four,"Direct actingDOHC,16 valves, continuously variableMIVECintake and exhaust valve timing",Fuel injection,Aluminiumdie cast,Aluminium die cast,2007present,wikipedia_single
Mitsubishi 4B1 engine (403hp),Mitsubishi 4B1 engine,403hp,Mitsubishi,JDM,4B1,Naturally Aspirated,,,403.0,,,,,,,Inline-four,"Direct actingDOHC,16 valves, continuously variableMIVECintake and exhaust valve timing",Fuel injection,Aluminiumdie cast,Aluminium die cast,2007present,wikipedia_single
Mitsubishi 4B1 engine (291hp),Mitsubishi 4B1 engine,291hp,Mitsubishi,JDM,4B1,Naturally Aspirated,,,291.0,,,,,,,Inline-four,"Direct actingDOHC,16 valves, continuously variableMIVECintake and exhaust valve timing",Fuel injection,Aluminiumdie cast,Aluminium die cast,2007present,wikipedia_single
Mitsubishi 4B1 engine (287hp),Mitsubishi 4B1 engine,287hp,Mitsubishi,JDM,4B1,Naturally Aspirated,,,287.0,,,,,,,Inline-four,"Direct actingDOHC,16 valves, continuously variableMIVECintake and exhaust valve timing",Fuel injection,Aluminiumdie cast,Aluminium die cast,2007present,wikipedia_single
Mitsubishi 4B1 engine (276hp),Mitsubishi 4B1 engine,276hp,Mitsubishi,JDM,4B1,Naturally Aspirated,,,276.0,,,,,,,Inline-four,"Direct actingDOHC,16 valves, continuously variableMIVECintake and exhaust valve timing",Fuel injection,Aluminiumdie cast,Aluminium die cast,2007present,wikipedia_single
Mitsubishi 4B1 engine (237hp),Mitsubishi 4B1 engine,237hp,Mitsubishi,JDM,4B1,Naturally Aspirated,,,237.0,,,,,,,Inline-four,"Direct actingDOHC,16 valves, continuously variableMIVECintake and exhaust valve timing",Fuel injection,Aluminiumdie cast,Aluminium die cast,2007present,wikipedia_single
Mercedes-Benz OM654 engine (266hp),Mercedes-Benz OM654 engine,266hp,Mercedes-Benz,European,OM,Naturally Aspirated,,,266.0,,,,,,,Inline 4,DOHC4 valvesx cyl.,4th-generationcommon railDirect injection,aluminium,aluminium,2016-present,wikipedia_single
Mercedes-Benz OM654 engine (261hp),Mercedes-Benz OM654 engine,261hp,Mercedes-Benz,European,OM,Naturally Aspirated,,,261.0,,,,,,,Inline 4,DOHC4 valvesx cyl.,4th-generationcommon railDirect injection,aluminium,aluminium,2016-present,wikipedia_single
Mercedes-Benz OM654 engine (2.0L),Mercedes-Benz OM654 engine,2.0L,Mercedes-Benz,European,OM,Naturally Aspirated,,,2100.0,,,,,,,Inline 4,DOHC4 valvesx cyl.,4th-generationcommon railDirect injection,aluminium,aluminium,2016-present,wikipedia_single
Mercedes-Benz OM654 engine (192hp),Mercedes-Benz OM654 engine,192hp,Mercedes-Benz,European,OM,Naturally Aspirated,,,192.0,,,,,,,Inline 4,DOHC4 valvesx cyl.,4th-generationcommon railDirect injection,aluminium,aluminium,2016-present,wikipedia_single
Mercedes-Benz OM654 engine (160hp),Mercedes-Benz OM654 engine,160hp,Mercedes-Benz,European,OM,Naturally Aspirated,,,160.0,,,,,,,Inline 4,DOHC4 valvesx cyl.,4th-generationcommon railDirect injection,aluminium,aluminium,2016-present,wikipedia_single
Mercedes-Benz OM654 engine (150hp),Mercedes-Benz OM654 engine,150hp,Mercedes-Benz,European,OM,Naturally Aspirated,,,150.0,,,,,,,Inline 4,DOHC4 valvesx cyl.,4th-generationcommon railDirect injection,aluminium,aluminium,2016-present,wikipedia_single
Mercedes-Benz OM654 engine (120hp),Mercedes-Benz OM654 engine,120hp,Mercedes-Benz,European,OM,Naturally Aspirated,,,120.0,,,,,,,Inline 4,DOHC4 valvesx cyl.,4th-generationcommon railDirect injection,aluminium,aluminium,2016-present,wikipedia_single
Mercedes-Benz OM654 engine (1.6L),Mercedes-Benz OM654 engine,1.6L,Mercedes-Benz,European,OM,Naturally Aspirated,,,2100.0,,,,,,,Inline 4,DOHC4 valvesx cyl.,4th-generationcommon railDirect injection,aluminium,aluminium,2016-present,wikipedia_single
Mercedes-Benz OM642 engine (181hp),Mercedes-Benz OM642 engine,181hp,Mercedes-Benz,European,OM,Naturally Aspirated,,,181.0,,,,,,,72V6,DOHC4 valvesx cyl.,Common raildirect injection,Aluminium,Aluminium,20052021,wikipedia_single
Zastava M57,Zastava M57,base,Zastava,Other,M,Naturally Aspirated,,,,,,,,,,Semi-automatic pistol,,,,,"260,000270,000",wikipedia_single
WR 16,WR 16,base,WR,Other,16,Naturally Aspirated,,,,,,,,,,WN8h,,,,,,wikipedia_single
Mitsubishi 4B1 engine (156hp),Mitsubishi 4B1 engine,156hp,Mitsubishi,JDM,4B1,Naturally Aspirated,,,156.0,,,,,,,Inline-four,"Direct actingDOHC,16 valves, continuously variableMIVECintake and exhaust valve timing",Fuel injection,Aluminiumdie cast,Aluminium die cast,2007present,wikipedia_single
Mitsubishi 4B1 engine (117hp),Mitsubishi 4B1 engine,117hp,Mitsubishi,JDM,4B1,Naturally Aspirated,,,117.0,,,,,,,Inline-four,"Direct actingDOHC,16 valves, continuously variableMIVECintake and exhaust valve timing",Fuel injection,Aluminiumdie cast,Aluminium die cast,2007present,wikipedia_single
Mercedes-Benz M139 engine (416hp),Mercedes-Benz M139 engine,416hp,Mercedes-Benz,European,M,Naturally Aspirated,,,416.0,,,,,,,Straight-four engine,DOHC,Combined Direct and Port Fuel Injection,Aluminium alloy,Aluminium alloy,2019-present,wikipedia_single
Mercedes-Benz M139 engine (382hp),Mercedes-Benz M139 engine,382hp,Mercedes-Benz,European,M,Naturally Aspirated,,,382.0,,,,,,,Straight-four engine,DOHC,Combined Direct and Port Fuel Injection,Aluminium alloy,Aluminium alloy,2019-present,wikipedia_single
McLaren P1 (903hp),McLaren P1,903hp,McLaren,European,P,Naturally Aspirated,,,903.0,,,,,,,"Rear mid-engine, rear-wheel-drive",,,,,October 2013  December 2015,wikipedia_single
McLaren P1 (177hp),McLaren P1,177hp,McLaren,European,P,Naturally Aspirated,,,177.0,,,,,,,"Rear mid-engine, rear-wheel-drive",,,,,October 2013  December 2015,wikipedia_single
Mercedes-Benz OM642 engine (261hp),Mercedes-Benz OM642 engine,261hp,Mercedes-Benz,European,OM,Naturally Aspirated,,,261.0,,,,,,,72V6,DOHC4 valvesx cyl.,Common raildirect injection,Aluminium,Aluminium,20052021,wikipedia_single
Mercedes-Benz OM642 engine (211hp),Mercedes-Benz OM642 engine,211hp,Mercedes-Benz,European,OM,Naturally Aspirated,,,211.0,,,,,,,72V6,DOHC4 valvesx cyl.,Common raildirect injection,Aluminium,Aluminium,20052021,wikipedia_single
Mercedes-Benz OM642 engine (188hp),Mercedes-Benz OM642 engine,188hp,Mercedes-Benz,European,OM,Naturally Aspirated,,,188.0,,,,,,,72V6,DOHC4 valvesx cyl.,Common raildirect injection,Aluminium,Aluminium,20052021,wikipedia_single
M67 grenade,M67 grenade,base,M67,Other,GRENADE,Naturally Aspirated,,,,,63.5,89.7,,,,Hand grenade,,,,,,wikipedia_single
M51 (missile),M51 (missile),base,M51,Other,(missile),Naturally Aspirated,,,,,58.4,304.8,,,,SLBM,,,,,,wikipedia_single
Chevrolet Gemini small-block engine,Chevrolet Gemini small-block engine,base,Chevrolet,American,GEMINI,Turbocharged,89522.2,89.5,,,,,,,,90V8,DOHC4 valves,Direct fuel injection(LT6)Direct andport injection(LT7),Sand-cast A319Aluminum,Aluminum,2022present,wikipedia_single
Toyota JZ engine,Toyota JZ engine,base,Toyota,JDM,JZ,Naturally Aspirated,,,,,,,,,,Straight-6,,,Cast iron,Aluminium,19902007,wikipedia_single
Toyota GR engine,Toyota GR engine,base,Toyota,JDM,GR,Naturally Aspirated,,,,,,,,,,60V6,DOHC4 valves/cylwithVVT-iand timing chain,,Die-castaluminium,Aluminium,2002present,wikipedia_single
Toyota GR Supra (434hp),Toyota GR Supra,434hp,Toyota,JDM,GR,Naturally Aspirated,,,434.0,,,,,,,"Front-engine, rear-wheel drive",,,,,March 2019 March 2026,wikipedia_single
Toyota GR Supra (255hp),Toyota GR Supra,255hp,Toyota,JDM,GR,Naturally Aspirated,,,255.0,,,,,,,"Front-engine, rear-wheel drive",,,,,March 2019 March 2026,wikipedia_single
M270 Multiple Launch Rocket System (600hp),M270 Multiple Launch Rocket System,600hp,M270,Other,MULTIPLE,Naturally Aspirated,,,600.0,,,,,,,Multiple rocket launcher,,,,,,wikipedia_single
M270 Multiple Launch Rocket System (500hp),M270 Multiple Launch Rocket System,500hp,M270,Other,MULTIPLE,Naturally Aspirated,,,500.0,,,,,,,Multiple rocket launcher,,,,,,wikipedia_single
Lamborghini V12 (631hp),Lamborghini V12,631hp,Lamborghini,European,V,Naturally Aspirated,,,631.0,,88.9,88.9,,,,60V12petrol engine,"double overhead camshaft,3.5/4.0/4.8: 2-valves percyl,5.2/5.7/6.0/6.2/6.5:4-valves per cyl","3.5/3.9/4.8/5.2: 6Webercarburettors,5.7/6.0/6.2/6.5: electronicmulti-pointsequentialfuel injection",Cast aluminium alloy,Cast aluminium alloy,1963present,wikipedia_single
Lamborghini V12 (595hp),Lamborghini V12,595hp,Lamborghini,European,V,Naturally Aspirated,,,595.0,,88.9,88.9,,,,60V12petrol engine,"double overhead camshaft,3.5/4.0/4.8: 2-valves percyl,5.2/5.7/6.0/6.2/6.5:4-valves per cyl","3.5/3.9/4.8/5.2: 6Webercarburettors,5.7/6.0/6.2/6.5: electronicmulti-pointsequentialfuel injection",Cast aluminium alloy,Cast aluminium alloy,1963present,wikipedia_single
Lamborghini V12 (572hp),Lamborghini V12,572hp,Lamborghini,European,V,Naturally Aspirated,,,572.0,,88.9,88.9,,,,60V12petrol engine,"double overhead camshaft,3.5/4.0/4.8: 2-valves percyl,5.2/5.7/6.0/6.2/6.5:4-valves per cyl","3.5/3.9/4.8/5.2: 6Webercarburettors,5.7/6.0/6.2/6.5: electronicmulti-pointsequentialfuel injection",Cast aluminium alloy,Cast aluminium alloy,1963present,wikipedia_single
Lamborghini V12 (478hp),Lamborghini V12,478hp,Lamborghini,European,V,Naturally Aspirated,,,478.0,,88.9,88.9,,,,60V12petrol engine,"double overhead camshaft,3.5/4.0/4.8: 2-valves percyl,5.2/5.7/6.0/6.2/6.5:4-valves per cyl","3.5/3.9/4.8/5.2: 6Webercarburettors,5.7/6.0/6.2/6.5: electronicmulti-pointsequentialfuel injection",Cast aluminium alloy,Cast aluminium alloy,1963present,wikipedia_single
Lamborghini V12 (690hp),Lamborghini V12,690hp,Lamborghini,European,V,Naturally Aspirated,,,690.0,,88.9,88.9,,,,60V12petrol engine,"double overhead camshaft,3.5/4.0/4.8: 2-valves percyl,5.2/5.7/6.0/6.2/6.5:4-valves per cyl","3.5/3.9/4.8/5.2: 6Webercarburettors,5.7/6.0/6.2/6.5: electronicmulti-pointsequentialfuel injection",Cast aluminium alloy,Cast aluminium alloy,1963present,wikipedia_single
IM LS6 (776hp),IM LS6,776hp,IM,Other,LS,Naturally Aspirated,,,776.0,,,,,,,"Rear-motor, rear-wheel-drive(EV)Dual-motor, all-wheel-drive(EV)Front-engine, rear-motor, rear-wheel-drive(EREV)",,,,,2023present,wikipedia_single
IM LS6 (75kW),IM LS6,75kW,IM,Other,LS,Naturally Aspirated,,,,,,,,,,"Rear-motor, rear-wheel-drive(EV)Dual-motor, all-wheel-drive(EV)Front-engine, rear-motor, rear-wheel-drive(EREV)",,,,,2023present,wikipedia_single
IM LS6 (71kW),IM LS6,71kW,IM,Other,LS,Naturally Aspirated,,,,,,,,,,"Rear-motor, rear-wheel-drive(EV)Dual-motor, all-wheel-drive(EV)Front-engine, rear-motor, rear-wheel-drive(EREV)",,,,,2023present,wikipedia_single
IM LS6 (66kW),IM LS6,66kW,IM,Other,LS,Naturally Aspirated,,,,,,,,,,"Rear-motor, rear-wheel-drive(EV)Dual-motor, all-wheel-drive(EV)Front-engine, rear-motor, rear-wheel-drive(EREV)",,,,,2023present,wikipedia_single
IM LS6 (396kW),IM LS6,396kW,IM,Other,LS,Naturally Aspirated,,,,,,,,,,"Rear-motor, rear-wheel-drive(EV)Dual-motor, all-wheel-drive(EV)Front-engine, rear-motor, rear-wheel-drive(EREV)",,,,,2023present,wikipedia_single
Volkswagen-Audi V8 engine (750hp),Volkswagen-Audi V8 engine,750hp,Volkswagen-Audi,Other,V,Turbocharged,,,750.0,,,,,,,90V8,"32-valve or also 40-valve for high-output petrol engines,DOHC, four-valves per cylinder",Fuel injection,,,1988-present (Gasoline engines)1999-present (Diesel engines),wikipedia_single
Volkswagen-Audi V8 engine (429hp),Volkswagen-Audi V8 engine,429hp,Volkswagen-Audi,Other,V,Turbocharged,,,429.0,,,,,,,90V8,"32-valve or also 40-valve for high-output petrol engines,DOHC, four-valves per cylinder",Fuel injection,,,1988-present (Gasoline engines)1999-present (Diesel engines),wikipedia_single
IM LS6 (310hp),IM LS6,310hp,IM,Other,LS,Naturally Aspirated,,,310.0,,,,,,,"Rear-motor, rear-wheel-drive(EV)Dual-motor, all-wheel-drive(EV)Front-engine, rear-motor, rear-wheel-drive(EREV)",,,,,2023present,wikipedia_single
IM LS6 (100kW),IM LS6,100kW,IM,Other,LS,Naturally Aspirated,,,,,,,,,,"Rear-motor, rear-wheel-drive(EV)Dual-motor, all-wheel-drive(EV)Front-engine, rear-motor, rear-wheel-drive(EREV)",,,,,2023present,wikipedia_single
Honda NSX (first generation) (290hp),Honda NSX (first generation),290hp,Honda,JDM,NSX,Naturally Aspirated,,,290.0,,,,,,,"TransverseRear-mid-engine, rear-wheel drive",,,,,"August 1990  November 30, 2005",wikipedia_single
Honda NSX (first generation) (270hp),Honda NSX (first generation),270hp,Honda,JDM,NSX,Naturally Aspirated,,,270.0,,,,,,,"TransverseRear-mid-engine, rear-wheel drive",,,,,"August 1990  November 30, 2005",wikipedia_single
Honda NSX (first generation) (252hp),Honda NSX (first generation),252hp,Honda,JDM,NSX,Naturally Aspirated,,,252.0,,,,,,,"TransverseRear-mid-engine, rear-wheel drive",,,,,"August 1990  November 30, 2005",wikipedia_single
Honda K engine,Honda K engine,base,Honda,JDM,K,Naturally Aspirated,,,,,,,,,,Inline-4,"DOHC4 valves x cyl., withi-VTEC",Programmed fuel injectionDirect injection,Aluminum,Aluminum,2001present,wikipedia_single
Honda Integra (fourth generation) (220hp),Honda Integra (fourth generation),220hp,Honda,JDM,INTEGRA,Naturally Aspirated,,,220.0,,,,,,,"Front-engine, front-wheel drive",,,,,July 2001  August 2006,wikipedia_single
Honda Integra (fourth generation) (210hp),Honda Integra (fourth generation),210hp,Honda,JDM,INTEGRA,Naturally Aspirated,,,210.0,,,,,,,"Front-engine, front-wheel drive",,,,,July 2001  August 2006,wikipedia_single
Honda Integra (fourth generation) (160hp),Honda Integra (fourth generation),160hp,Honda,JDM,INTEGRA,Naturally Aspirated,,,160.0,,,,,,,"Front-engine, front-wheel drive",,,,,July 2001  August 2006,wikipedia_single
IM LS6 (90kW),IM LS6,90kW,IM,Other,LS,Naturally Aspirated,,,,,,,,,,"Rear-motor, rear-wheel-drive(EV)Dual-motor, all-wheel-drive(EV)Front-engine, rear-motor, rear-wheel-drive(EREV)",,,,,2023present,wikipedia_single
IM LS6 (83kW),IM LS6,83kW,IM,Other,LS,Naturally Aspirated,,,,,,,,,,"Rear-motor, rear-wheel-drive(EV)Dual-motor, all-wheel-drive(EV)Front-engine, rear-motor, rear-wheel-drive(EREV)",,,,,2023present,wikipedia_single
Ford FE engine,Ford FE engine,base,Ford,American,FE,Naturally Aspirated,,,,,,,,,,OHVV8,,,Medium block,,1958(1958)1969(1969)in passenger cars; until 1978 in industrial trucks,wikipedia_single
Ferrari F40 (477hp),Ferrari F40,477hp,Ferrari,European,F,Naturally Aspirated,,,477.0,,,,,,,"Longitudinally-mounted,rear mid-engine, rear-wheel drive",,,,,"198719961,311 produced (including LM, Competizione and GTE)",wikipedia_single
Ferrari F40 (471hp),Ferrari F40,471hp,Ferrari,European,F,Naturally Aspirated,,,471.0,,,,,,,"Longitudinally-mounted,rear mid-engine, rear-wheel drive",,,,,"198719961,311 produced (including LM, Competizione and GTE)",wikipedia_single
Chrysler Hemi engine (425hp),Chrysler Hemi engine,425hp,Chrysler,American,HEMI,Naturally Aspirated,,,425.0,,102.9,96.1,,,,Naturally aspiratedV8,OHV2valvespercylinder,2X4 barrelCarter AFBCarburetor,Cast iron,AluminumCast iron,19511963,wikipedia_single
Chrysler Hemi engine (350hp),Chrysler Hemi engine,350hp,Chrysler,American,HEMI,Naturally Aspirated,,,350.0,,102.9,96.1,,,,Naturally aspiratedV8,OHV2valvespercylinder,2X4 barrelCarter AFBCarburetor,Cast iron,AluminumCast iron,19511963,wikipedia_single
Chrysler Hemi engine (320hp),Chrysler Hemi engine,320hp,Chrysler,American,HEMI,Naturally Aspirated,,,320.0,,102.9,96.1,,,,Naturally aspiratedV8,OHV2valvespercylinder,2X4 barrelCarter AFBCarburetor,Cast iron,AluminumCast iron,19511963,wikipedia_single
Honda B engine,Honda B engine,base,Honda,JDM,B,Naturally Aspirated,,,,,,,,,,Naturally aspiratedinline-4,"DOHC,VTECin some models",Programmed fuel injection,,,19882001,wikipedia_single
Audi straight-five engine (375hp),Audi straight-five engine,375hp,Audi,European,STRAIGHT,Naturally Aspirated,,,375.0,,102.9,91.2,,,,GasolineDiesel,OHV2valvespercylinder,Carburetor(19681987)Multi-portfuel injection(19881997),Cast iron,Cast iron,19681998,wikipedia_single
Audi straight-five engine (217hp),Audi straight-five engine,217hp,Audi,European,STRAIGHT,Naturally Aspirated,,,217.0,,102.9,91.2,,,,GasolineDiesel,OHV2valvespercylinder,Carburetor(19681987)Multi-portfuel injection(19881997),Cast iron,Cast iron,19681998,wikipedia_single
